from;to;weight
191;198;-2
191;211;-2
191;212;2
191;215;-2
191;223;2
191;285;2
192;193;2
192;194;1
192;195;1
192;196;1
192;197;2
192;198;1
192;199;2
192;201;1
192;202;1
192;203;1
192;204;1
192;205;1
192;206;1
192;207;1
192;211;-1
192;215;-2
192;218;1
192;221;1
192;222;1
192;224;1
192;259;1
192;270;1
193;191;2
193;192;2
193;194;2
193;195;1
193;196;1
193;197;1
193;198;2
193;199;2
193;201;1
193;203;2
193;204;1
193;205;1
193;206;1
193;208;1
193;209;1
193;212;1
193;217;1
193;218;1
193;221;1
193;222;1
193;224;1
193;227;1
193;234;1
193;243;1
193;244;1
193;245;1
193;252;1
193;254;1
193;255;1
193;259;1
193;263;1
193;268;1
193;275;1
193;282;1
193;303;1
193;317;1
193;319;1
193;322;1
194;191;1
194;192;1
194;193;2
194;195;2
194;196;1
194;197;1
194;198;1
194;199;1
194;201;1
194;202;1
194;203;1
194;204;1
194;205;2
194;206;1
194;207;2
195;191;1
195;192;1
195;193;1
195;194;1
195;196;1
195;198;1
195;200;1
195;202;1
195;203;2
195;204;2
195;205;2
195;208;1
195;209;1
195;218;1
195;257;2
195;270;2
195;276;1
196;191;2
196;192;2
196;193;2
196;194;2
196;195;2
196;197;2
196;198;1
196;199;2
196;201;1
196;202;1
196;203;1
196;204;1
196;205;1
196;206;1
196;207;1
196;209;2
196;218;2
196;264;2
196;270;1
197;191;2
197;192;1
197;193;1
197;194;1
197;195;1
197;196;2
197;198;2
197;199;2
197;200;1
197;201;1
197;202;1
197;203;1
197;204;2
197;205;1
197;206;1
197;207;1
197;209;2
197;218;1
197;270;1
198;191;2
198;194;1
198;197;2
198;199;1
198;204;1
198;206;1
198;210;1
198;211;1
198;212;1
198;215;1
198;218;1
198;223;1
198;257;2
198;264;1
198;284;2
198;285;1
198;336;1
198;350;1
198;359;1
199;191;1
199;192;1
199;194;1
199;196;1
199;197;2
199;198;1
199;202;1
199;204;2
199;205;1
199;209;2
200;208;2
200;213;1
200;221;1
200;228;2
200;277;1
203;191;1
203;192;1
203;193;1
203;194;1
203;195;2
203;196;1
203;197;1
203;198;1
203;199;1
203;200;1
203;201;1
203;202;1
203;204;1
203;205;1
203;206;1
203;207;1
203;208;2
203;210;1
203;211;1
203;212;1
203;213;1
203;215;1
203;216;1
203;218;1
203;220;1
203;221;2
203;223;1
203;228;1
203;247;1
203;257;1
203;264;1
203;276;1
204;191;1
204;192;1
204;193;1
204;194;1
204;195;2
204;196;2
204;197;2
204;198;1
204;199;2
204;202;1
204;203;1
204;205;1
204;206;1
204;207;1
204;209;2
204;215;1
204;218;2
204;220;1
204;270;2
205;193;1
205;194;2
205;195;2
205;199;1
205;201;1
205;202;2
205;204;2
205;207;2
206;191;2
206;194;1
206;196;1
206;197;2
206;198;2
206;199;2
206;201;1
206;202;2
206;204;1
206;207;1
206;209;1
206;210;1
206;211;1
206;212;1
206;215;1
206;218;1
206;220;1
206;223;1
206;257;2
206;264;2
206;284;2
206;285;1
206;311;2
207;191;1
207;194;2
207;201;-1
207;202;1
207;205;2
207;206;2
207;284;2
207;311;2
208;195;1
208;200;2
208;203;1
208;209;1
208;213;2
208;214;-2
208;216;2
208;218;1
208;219;1
208;221;1
208;224;1
208;404;1
210;198;1
210;211;2
210;212;1
210;215;2
210;220;2
210;222;1
210;223;1
210;247;1
210;285;2
210;527;1
211;191;1
211;192;-2
211;193;-2
211;195;1
211;198;1
211;203;1
211;206;1
211;210;2
211;212;1
211;213;-1
211;214;-1
211;215;2
211;216;1
211;217;1
211;218;1
211;220;1
211;221;1
211;222;1
211;223;1
211;257;1
211;264;1
211;270;1
211;284;1
211;285;1
211;328;1
212;191;2
212;198;2
212;206;1
212;209;1
212;210;2
212;211;2
212;215;2
212;217;1
212;218;1
212;220;2
212;222;1
212;223;2
212;257;2
212;284;2
212;285;2
213;191;-1
213;198;-1
213;200;1
213;201;1
213;203;1
213;208;2
213;210;-1
213;211;-1
213;214;-2
213;215;1
213;216;2
213;218;1
213;219;-2
213;220;2
213;221;2
213;224;1
213;228;2
213;249;1
213;264;1
213;277;-2
213;284;1
214;191;-1
214;192;-1
214;215;-1
214;219;2
214;237;1
214;241;-1
214;333;1
214;338;-1
214;340;2
214;351;-2
214;356;-2
214;357;2
214;360;-1
214;362;-1
214;374;-1
214;377;1
214;380;1
214;384;2
214;387;-1
214;407;1
214;469;-1
214;474;1
214;477;2
214;492;2
214;493;1
214;498;1
214;499;1
215;191;1
215;200;1
215;203;1
215;204;1
215;206;1
215;207;1
215;209;1
215;210;2
215;211;2
215;212;1
215;216;1
215;217;1
215;218;1
215;220;2
215;221;1
215;222;1
215;223;1
215;247;1
215;252;1
215;257;1
215;264;1
215;265;-1
215;276;1
215;284;1
215;310;1
215;328;1
215;338;1
215;357;1
215;527;1
216;195;1
216;201;1
216;203;1
216;208;2
216;212;-2
216;213;2
216;214;-2
216;215;1
216;218;1
216;221;2
216;224;1
217;201;-1
217;210;1
217;211;1
217;215;1
217;218;-1
217;220;1
217;222;1
217;237;2
217;241;-1
217;338;-1
217;388;1
217;405;2
217;409;2
217;411;2
217;462;-2
217;485;1
217;524;2
217;545;2
217;558;-2
217;559;2
217;590;-2
218;192;1
218;193;1
218;195;1
218;196;1
218;197;1
218;199;-1
218;201;2
218;203;1
218;204;1
218;206;1
218;208;1
218;209;1
218;210;1
218;211;1
218;212;1
218;213;1
218;214;1
218;215;-1
218;216;1
218;217;1
218;219;1
218;220;2
218;221;1
218;222;1
218;223;1
218;224;1
218;270;1
218;271;1
218;272;2
218;496;1
218;596;1
219;193;-1
219;208;1
219;214;2
219;215;-1
219;218;1
219;220;1
219;221;1
219;222;1
219;224;1
219;333;2
219;338;-1
219;340;2
219;344;-1
219;346;1
219;348;-1
219;351;-1
219;353;-1
219;355;1
219;356;-1
219;357;2
219;358;1
219;368;1
219;369;1
219;374;-1
219;377;1
219;378;-1
219;380;1
219;383;-1
219;384;1
219;387;-1
219;388;1
219;407;1
219;408;-1
220;191;2
220;208;-1
220;210;2
220;211;2
220;212;2
220;213;2
220;215;2
220;216;1
220;218;1
220;223;2
220;257;-1
220;265;-2
220;285;2
221;191;1
221;192;2
221;193;2
221;195;2
221;198;1
221;200;2
221;201;2
221;202;1
221;203;2
221;206;2
221;208;2
221;209;2
221;210;1
221;211;1
221;212;1
221;213;2
221;214;1
221;215;2
221;216;2
221;217;1
221;218;2
221;219;1
221;220;1
221;222;1
221;223;1
221;224;1
221;247;2
221;257;1
221;264;1
221;270;1
221;276;1
221;277;2
221;284;1
221;285;1
221;309;1
221;311;2
221;475;1
222;201;1
222;209;1
222;210;1
222;211;-1
222;212;1
222;213;-1
222;214;-1
222;215;1
222;217;1
222;218;1
222;219;1
222;220;1
222;221;1
222;223;1
222;225;1
222;227;1
222;237;2
222;254;2
222;255;2
222;256;1
222;259;-2
222;314;1
222;339;1
222;343;2
222;346;1
222;355;2
222;357;1
222;358;1
222;370;2
222;377;1
222;378;2
223;191;2
223;198;-1
223;208;-1
223;209;1
223;210;1
223;211;-1
223;212;2
223;213;-1
223;214;-1
223;215;1
223;216;1
223;217;1
223;218;1
223;220;1
223;221;1
223;222;1
224;193;1
224;213;1
224;216;1
224;243;2
224;244;2
224;245;2
224;322;2
225;191;1
225;215;1
225;217;1
225;220;1
225;222;1
225;224;1
225;227;1
225;229;1
225;232;1
225;236;1
225;237;1
225;249;1
225;254;1
225;255;1
225;256;1
225;259;1
225;263;1
225;264;1
225;275;1
225;282;1
225;343;1
225;353;1
225;355;1
225;362;1
225;366;1
225;387;1
225;417;1
225;422;1
225;460;1
226;228;2
226;229;1
226;230;1
226;231;1
226;232;1
226;233;2
226;235;1
226;240;1
226;241;1
226;242;1
226;243;1
226;244;1
226;245;1
226;302;1
226;308;2
227;222;1
227;225;2
227;229;1
227;231;2
227;237;1
227;238;1
227;241;-1
227;243;1
227;244;1
227;245;1
227;252;-2
227;253;2
227;254;2
227;256;-1
227;259;1
227;261;-1
227;263;2
227;275;2
227;323;1
228;200;1
228;208;1
228;213;1
228;216;1
228;226;1
229;227;2
229;232;1
229;233;1
229;235;1
229;238;1
229;243;2
229;245;2
229;258;2
229;267;1
229;269;1
229;270;2
229;271;1
229;272;2
229;283;2
229;290;1
229;293;1
229;296;2
229;299;1
229;305;2
229;316;1
229;317;1
229;320;1
229;321;1
229;323;2
229;324;2
229;328;1
230;226;1
230;231;2
230;235;2
230;236;-1
230;240;1
230;241;-1
230;242;1
230;243;2
230;244;2
230;245;2
230;252;2
230;260;1
230;271;1
230;272;1
230;273;1
230;274;1
230;292;2
230;293;1
230;295;1
230;298;2
230;299;1
230;301;2
230;303;1
230;304;2
230;306;1
230;309;1
230;310;1
230;314;1
230;315;1
230;318;1
231;227;2
231;230;2
231;235;2
231;240;1
231;242;1
231;243;1
231;244;1
231;245;1
231;273;2
231;274;1
231;314;2
232;225;1
232;229;2
232;233;2
232;235;1
232;237;1
232;240;1
232;241;1
232;248;2
232;270;1
232;297;1
232;302;1
232;324;1
233;225;-1
233;226;1
233;229;2
233;232;2
233;235;-1
233;237;1
233;240;1
233;241;-1
233;248;1
233;254;1
233;256;1
233;264;-2
233;265;-1
233;319;1
235;229;2
235;237;1
235;238;1
235;239;1
235;258;2
235;269;2
235;270;1
235;271;2
235;272;1
235;278;1
235;279;1
235;280;1
235;283;1
235;286;1
235;287;2
235;293;1
235;299;1
235;300;2
235;305;2
235;307;1
235;308;1
235;312;2
235;313;1
235;316;2
235;317;2
235;320;2
235;321;1
235;323;1
235;324;2
235;328;1
235;329;1
235;330;1
236;225;1
236;227;1
236;237;1
236;238;1
236;241;1
236;291;1
236;292;2
236;295;1
236;310;2
236;315;2
237;222;2
237;225;2
237;227;2
237;229;1
237;231;1
237;233;2
237;236;1
237;241;2
237;254;2
237;255;2
237;261;1
237;263;2
237;264;1
237;275;2
237;402;1
237;435;2
237;443;1
237;446;1
237;477;1
237;485;1
237;499;2
237;592;2
238;227;1
238;228;1
238;229;1
238;232;1
238;233;1
238;235;1
238;236;1
238;239;1
238;241;-1
238;243;1
238;244;1
238;245;1
238;258;1
238;260;2
238;262;2
238;267;1
238;269;1
238;270;1
238;271;1
238;272;1
238;280;1
238;293;1
238;296;1
238;299;1
238;300;1
238;305;1
238;307;1
238;312;1
238;313;1
238;316;2
238;317;1
238;319;1
238;321;1
238;323;1
238;324;1
238;325;1
238;328;2
238;329;1
238;536;1
238;569;1
238;576;1
239;229;1
239;235;1
239;238;1
239;258;1
239;260;2
239;262;1
239;267;1
239;270;1
239;271;1
239;280;2
239;283;1
239;290;1
239;300;2
239;302;1
239;307;1
239;308;1
239;312;1
239;316;1
239;317;1
239;321;1
239;324;1
239;328;1
239;330;2
239;365;2
239;395;1
239;400;1
239;401;2
239;410;1
239;415;1
239;419;1
239;421;1
239;430;1
239;432;1
239;434;2
239;440;2
239;442;1
239;449;2
240;225;-2
240;227;-1
240;230;1
240;231;1
240;237;-2
240;242;2
240;248;1
240;251;-1
240;261;2
240;300;1
240;302;2
240;303;1
240;304;1
240;308;2
240;319;1
240;327;1
241;214;-2
241;217;-2
241;222;1
241;225;2
241;226;2
241;227;2
241;228;-2
241;229;1
241;230;2
241;232;2
241;233;1
241;236;2
241;238;2
241;240;-2
241;242;-1
241;243;2
241;245;2
241;249;-1
241;250;-1
241;254;1
241;255;2
241;256;1
241;258;2
241;259;2
241;261;-2
241;262;2
241;263;1
241;264;1
241;265;2
241;268;-1
241;273;1
241;274;1
241;280;1
241;285;1
241;292;1
241;294;-1
241;295;2
241;296;1
241;298;1
241;303;1
241;309;2
241;310;2
241;320;-2
241;326;-1
241;403;1
242;204;1
242;205;1
242;215;1
242;226;1
242;228;1
242;229;1
242;230;1
242;231;2
242;232;1
242;233;1
242;235;1
242;237;1
242;240;2
242;241;1
242;243;1
242;244;1
242;245;1
242;255;1
242;256;1
242;261;2
242;264;1
242;268;1
242;291;1
242;292;1
242;293;1
242;296;1
242;299;1
242;300;1
242;302;2
242;303;2
242;304;2
242;305;1
242;308;2
242;310;1
243;193;-1
243;202;1
243;224;1
243;227;1
243;228;-1
243;229;1
243;238;1
243;240;-1
243;242;-1
243;244;1
243;245;2
243;254;1
243;259;1
243;263;1
243;322;1
244;193;2
244;224;2
244;227;2
244;228;1
244;229;2
244;230;2
244;231;1
244;237;1
244;238;2
244;241;1
244;243;2
244;245;2
244;250;2
244;254;1
244;259;1
244;268;1
244;322;2
245;193;-1
245;202;1
245;224;1
245;227;1
245;228;-1
245;229;1
245;238;1
245;240;-1
245;242;-1
245;243;2
245;244;1
245;259;1
245;263;1
245;322;1
247;191;1
247;198;1
247;203;1
247;206;1
247;208;1
247;210;2
247;213;-1
247;220;1
247;221;2
247;223;1
247;228;1
247;246;1
247;248;1
247;249;1
247;251;-2
247;256;1
247;257;2
247;264;2
247;276;2
247;277;2
247;311;2
248;232;2
248;233;1
248;249;1
248;256;2
248;257;1
248;259;1
248;261;1
248;263;-1
248;265;-1
248;266;1
248;267;2
249;225;2
249;246;1
249;247;1
249;248;2
249;250;1
249;251;-2
249;252;1
249;254;2
249;255;2
249;256;2
249;257;1
249;259;2
249;260;2
249;262;2
249;263;2
249;264;1
249;265;1
249;266;1
249;267;2
249;268;1
250;248;1
250;256;1
250;258;1
250;261;1
250;268;1
250;332;2
251;203;1
251;221;1
251;237;1
251;260;-2
251;262;-1
251;264;1
251;277;2
251;326;2
252;236;1
252;246;1
252;251;-1
252;253;1
252;254;1
252;256;1
252;257;1
252;258;1
252;259;1
252;260;1
252;262;-1
252;263;1
252;291;2
252;292;2
252;302;-2
252;303;-2
252;304;1
252;308;-2
252;310;2
253;217;1
253;222;1
253;224;1
253;227;2
253;237;1
253;243;1
253;244;1
253;245;1
253;246;2
253;251;-1
253;252;2
253;254;2
253;258;2
253;259;2
253;260;2
253;262;2
253;263;2
253;266;1
253;267;1
253;319;1
253;322;1
253;355;1
253;357;1
253;367;2
253;375;2
253;385;1
253;463;2
254;193;1
254;205;1
254;217;2
254;222;2
254;224;1
254;225;2
254;227;2
254;234;1
254;237;2
254;243;1
254;244;1
254;245;1
254;251;-1
254;253;2
254;255;2
254;259;2
254;260;2
254;262;2
254;263;2
254;268;1
254;275;2
255;222;2
255;225;2
255;233;2
255;237;2
255;241;2
255;243;2
255;244;2
255;245;2
255;246;2
255;247;2
255;249;2
255;250;2
255;251;2
255;252;2
255;253;2
255;254;2
255;256;2
255;257;2
255;258;2
255;259;2
255;260;2
255;261;2
255;262;2
255;263;2
255;264;2
255;265;2
255;266;2
255;267;2
255;268;2
255;275;2
255;302;2
255;350;2
255;370;2
255;388;2
255;409;2
255;410;2
255;413;2
255;417;2
256;246;2
256;247;1
256;248;1
256;249;1
256;252;1
256;253;1
256;254;1
256;255;1
256;257;1
256;259;1
256;260;1
256;262;2
256;263;1
256;265;2
256;266;1
256;267;2
257;191;2
257;195;1
257;198;2
257;203;1
257;206;2
257;210;1
257;212;1
257;215;1
257;220;1
257;246;1
257;247;1
257;248;1
257;249;1
257;250;1
257;251;1
257;252;1
257;253;1
257;254;1
257;255;1
257;256;2
257;258;1
257;259;2
257;260;1
257;261;1
257;262;2
257;263;2
257;264;2
257;265;1
257;266;1
257;267;1
257;268;1
257;276;2
257;285;1
257;311;2
257;331;2
257;348;1
257;528;2
257;556;-2
258;246;1
258;251;-1
258;253;1
258;254;2
258;255;1
258;256;-2
258;260;2
258;262;2
258;263;-2
258;264;-2
258;265;2
258;266;-2
258;267;1
259;222;-2
259;224;1
259;237;2
259;241;1
259;243;1
259;244;1
259;245;1
259;246;1
259;247;1
259;248;2
259;249;2
259;250;1
259;252;1
259;253;1
259;254;2
259;255;2
259;256;1
259;257;2
259;258;1
259;260;2
259;261;1
259;262;2
259;263;2
259;264;1
259;265;1
259;266;1
259;267;1
259;268;1
259;275;1
259;378;1
260;228;1
260;229;2
260;238;2
260;239;1
260;246;1
260;247;1
260;248;1
260;249;1
260;250;1
260;251;-2
260;252;1
260;253;2
260;254;2
260;255;1
260;256;1
260;257;1
260;258;2
260;259;2
260;261;2
260;262;2
260;263;2
260;264;2
260;265;1
260;266;1
260;267;2
260;268;1
260;269;1
260;270;1
260;271;1
260;272;1
260;278;2
260;279;1
260;280;1
260;283;1
260;285;1
260;286;1
260;287;2
260;288;1
260;290;1
260;293;1
260;299;1
260;307;2
260;308;2
260;312;1
260;323;1
260;393;2
261;191;1
261;192;-1
261;193;1
261;194;1
261;196;-1
261;199;1
261;200;-1
261;201;-2
261;202;2
261;203;1
261;204;1
261;205;1
261;206;-1
261;207;1
261;221;1
261;259;2
262;227;1
262;229;2
262;235;1
262;238;2
262;239;2
262;241;2
262;246;2
262;247;1
262;248;1
262;249;1
262;250;1
262;251;-2
262;252;1
262;253;2
262;254;2
262;255;2
262;256;2
262;257;2
262;258;1
262;259;2
262;260;2
262;261;2
262;263;2
262;264;1
262;265;1
262;266;2
262;267;2
262;268;2
262;269;1
262;270;1
262;271;1
262;278;1
262;279;1
262;280;2
262;283;1
262;286;1
262;287;1
262;288;1
262;290;1
262;293;2
262;296;1
262;299;1
262;300;1
262;305;1
262;307;2
262;308;1
262;312;1
262;316;2
262;317;1
262;320;1
262;321;1
262;323;1
262;324;1
262;328;2
262;329;2
263;193;2
263;202;1
263;224;2
263;225;2
263;227;2
263;237;2
263;241;2
263;243;2
263;244;2
263;245;2
263;246;2
263;247;1
263;248;-1
263;250;1
263;251;-2
263;252;2
263;253;2
263;254;2
263;255;2
263;257;2
263;258;1
263;259;2
263;260;2
263;261;1
263;262;2
263;264;-1
263;265;2
263;266;2
263;267;2
263;268;2
263;275;2
264;191;1
264;193;1
264;195;1
264;196;1
264;198;2
264;199;1
264;200;1
264;203;1
264;206;2
264;207;1
264;208;1
264;210;1
264;211;2
264;212;2
264;213;1
264;214;1
264;215;2
264;220;2
264;221;2
264;223;2
264;228;1
264;233;1
264;237;1
264;241;1
264;246;1
264;247;2
264;248;1
264;249;1
264;250;1
264;251;1
264;252;1
264;253;1
264;254;1
264;255;1
264;256;1
264;257;2
264;258;1
264;259;1
264;260;2
264;261;1
264;262;1
264;263;1
264;265;-1
264;266;2
264;267;1
264;268;1
264;276;1
264;277;1
264;284;2
264;285;2
264;311;2
265;241;2
265;246;1
265;247;1
265;248;2
265;249;2
265;250;1
265;251;1
265;252;1
265;253;1
265;254;1
265;255;1
265;256;2
265;257;2
265;258;2
265;259;2
265;260;1
265;261;1
265;262;1
265;263;1
265;264;2
265;266;2
265;267;2
265;268;1
265;291;2
265;292;1
265;295;1
265;344;1
265;348;1
266;236;1
266;241;2
266;246;1
266;247;1
266;248;2
266;249;1
266;250;1
266;251;-1
266;252;1
266;253;1
266;254;1
266;255;1
266;256;2
266;257;1
266;258;1
266;259;2
266;260;2
266;261;1
266;262;2
266;263;2
266;264;2
266;265;2
266;267;2
266;290;1
266;291;2
266;292;1
266;295;1
266;298;1
266;307;2
266;315;-2
267;229;1
267;238;1
267;248;2
267;251;-2
267;256;2
267;257;-1
267;260;1
267;261;-1
267;262;1
267;266;2
267;270;1
267;280;1
267;290;2
267;307;2
267;312;2
267;330;1
267;526;1
268;193;1
268;224;1
268;225;1
268;227;1
268;237;1
268;243;1
268;244;1
268;245;1
268;246;1
268;247;1
268;250;1
268;253;1
268;254;1
268;255;1
268;258;1
268;259;1
268;260;1
268;262;1
268;263;1
268;297;1
268;322;1
268;367;1
268;391;1
269;235;1
269;258;1
269;271;2
269;272;2
269;273;1
269;276;1
269;279;1
269;280;-2
269;289;1
269;293;1
269;296;1
269;299;1
269;305;1
269;307;1
269;320;1
269;321;1
269;323;1
269;324;1
269;447;1
269;469;-2
269;495;1
269;578;1
269;579;2
269;591;1
269;595;1
270;195;1
270;197;1
270;199;1
270;204;1
270;218;1
270;227;2
270;229;1
270;238;1
270;271;2
270;272;2
270;280;2
270;283;2
270;284;1
270;293;2
270;296;1
270;299;2
270;312;1
270;316;2
270;317;1
270;319;1
270;323;2
270;324;1
270;328;2
270;329;1
270;330;1
271;216;1
271;218;1
271;221;1
271;229;2
271;235;1
271;238;1
271;239;1
271;258;1
271;260;1
271;262;1
271;269;2
271;270;2
271;272;2
271;273;1
271;276;1
271;277;1
271;278;1
271;279;1
271;283;1
271;286;1
271;287;1
271;288;1
271;289;1
271;290;1
271;293;1
271;296;1
271;299;1
271;300;1
271;305;1
271;307;1
271;308;1
271;312;-2
271;316;1
271;317;1
271;320;1
271;321;-1
271;323;2
271;324;2
271;328;1
271;329;1
271;429;1
272;216;1
272;218;1
272;221;1
272;229;1
272;238;1
272;258;-1
272;269;1
272;270;1
272;271;2
272;273;1
272;274;1
272;283;2
272;293;1
272;296;1
272;299;1
272;305;1
272;308;-1
272;312;-2
272;316;1
272;317;-1
272;320;1
272;321;-2
272;323;-1
272;324;1
272;328;1
272;329;1
272;330;-1
272;429;1
274;231;2
274;236;-1
274;249;-1
274;252;-1
274;273;2
274;276;2
274;277;-2
274;279;-1
274;280;-2
274;281;-2
274;282;-1
274;286;-1
274;288;-1
274;290;-1
274;291;-2
274;292;-2
274;295;-1
274;304;-2
274;314;2
274;326;-2
274;331;-1
275;222;2
275;225;2
275;254;2
275;255;2
275;259;1
275;263;1
275;280;1
275;281;1
275;284;1
275;285;2
275;290;1
275;353;1
276;203;1
276;207;-1
276;208;1
276;213;1
276;215;1
276;221;1
276;247;1
276;251;-2
276;256;1
276;257;1
276;273;1
276;274;2
276;279;1
276;286;1
276;288;1
276;319;1
276;321;1
276;331;2
276;528;1
277;200;2
277;213;2
277;221;2
277;279;2
277;286;2
277;288;2
277;300;2
277;302;2
278;259;-2
278;260;1
278;274;-2
278;285;-1
278;287;2
278;300;-1
278;308;-2
278;312;-2
278;412;1
278;431;1
279;274;-1
279;277;2
279;278;1
279;281;1
279;284;1
279;286;2
279;287;1
279;288;2
279;290;-1
279;291;1
279;292;2
279;300;2
279;302;2
279;303;2
279;308;1
280;229;1
280;233;1
280;238;1
280;239;1
280;258;2
280;262;1
280;267;1
280;269;1
280;270;1
280;271;1
280;272;1
280;273;1
280;274;-2
280;275;1
280;277;1
280;278;1
280;279;1
280;281;1
280;282;1
280;283;1
280;284;1
280;285;1
280;286;1
280;287;1
280;288;1
280;289;1
280;290;1
280;291;1
280;292;1
280;293;1
280;299;1
280;305;1
280;307;1
280;308;1
280;310;1
280;316;1
280;319;1
280;323;1
280;328;1
280;436;1
280;442;-1
280;460;2
280;599;1
281;394;2
282;281;2
284;191;1
284;198;2
284;206;2
284;210;1
284;211;1
284;212;2
284;220;1
284;223;1
284;264;2
284;270;1
284;272;1
284;275;2
284;279;1
284;280;2
284;281;2
284;285;2
284;287;1
284;311;2
285;191;2
285;198;2
285;208;-2
285;210;2
285;211;2
285;212;2
285;213;-2
285;215;1
285;220;2
285;221;1
285;223;2
285;249;-2
285;257;1
285;264;1
285;275;2
285;280;1
285;281;2
285;284;2
285;290;1
285;356;1
286;279;2
286;288;2
287;278;2
288;274;-1
288;277;2
288;279;2
288;286;2
288;289;2
288;292;2
288;296;-1
288;299;-1
290;260;1
290;267;2
290;281;1
290;307;1
292;230;1
292;231;1
292;236;2
292;252;2
292;291;2
292;293;1
292;295;1
292;298;1
292;300;1
292;301;1
292;302;1
292;303;2
292;304;1
292;306;1
292;308;2
292;310;2
292;315;2
293;229;1
293;235;1
293;238;1
293;270;2
293;271;1
293;272;2
293;280;1
293;283;1
293;292;2
293;295;2
293;296;1
293;298;1
293;299;1
293;300;2
293;303;2
293;304;-2
293;305;1
293;310;1
293;312;2
293;316;2
293;317;2
293;321;2
293;323;2
293;324;1
293;328;1
293;329;1
294;267;1
294;297;1
294;299;1
294;301;1
294;302;1
294;305;1
294;306;1
294;307;2
294;308;1
294;309;1
294;404;2
296;229;2
296;235;2
296;236;-1
296;238;1
296;243;1
296;258;1
296;260;1
296;269;2
296;270;1
296;271;2
296;272;2
296;279;1
296;280;1
296;283;2
296;286;1
296;287;1
296;290;1
296;291;1
296;292;1
296;293;2
296;294;1
296;297;1
296;298;1
296;299;2
296;300;2
296;301;1
296;302;1
296;303;1
296;304;1
296;305;2
296;306;2
296;307;2
296;308;2
296;309;1
296;310;1
296;313;1
296;315;-1
296;316;2
296;317;2
296;319;1
296;320;2
296;323;2
296;324;2
296;328;2
296;329;2
296;330;1
297;294;1
297;298;-1
297;299;-2
297;301;2
297;302;2
297;307;1
297;308;2
297;309;1
298;230;2
298;236;1
298;291;-2
298;292;1
298;293;1
298;294;-1
298;295;1
298;296;1
298;297;-1
298;299;1
298;300;1
298;301;1
298;303;1
298;304;2
298;305;1
298;306;1
298;307;-1
298;309;1
298;310;1
298;318;1
299;229;1
299;235;1
299;238;2
299;258;1
299;269;1
299;270;2
299;271;2
299;272;2
299;278;1
299;279;1
299;280;1
299;286;1
299;288;1
299;292;1
299;293;2
299;294;1
299;296;2
299;297;1
299;300;1
299;301;1
299;302;1
299;303;1
299;304;1
299;305;2
299;306;1
299;307;1
299;308;1
299;309;1
299;312;-2
299;316;2
299;317;1
299;319;1
299;320;2
299;321;-1
299;323;1
299;324;1
299;328;1
299;329;2
299;412;1
299;421;1
299;429;1
299;496;1
300;235;1
300;279;1
300;302;1
300;303;1
300;308;1
301;273;-2
301;274;2
301;279;1
301;280;-1
301;289;2
301;291;1
301;292;2
301;293;1
301;294;2
301;295;1
301;296;1
301;297;2
301;298;2
301;299;2
301;300;1
301;302;2
301;303;1
301;304;1
301;305;1
301;306;2
301;307;2
301;308;1
301;309;2
301;310;1
301;314;1
301;315;2
301;318;2
301;331;1
302;240;2
302;242;2
302;261;2
302;277;1
302;279;1
302;280;1
302;291;1
302;297;1
302;300;2
302;303;2
302;304;2
302;308;2
302;312;1
302;314;1
302;319;1
302;327;1
303;193;2
303;230;2
303;231;-1
303;236;1
303;240;2
303;242;2
303;273;-2
303;274;1
303;279;2
303;280;1
303;291;-2
303;292;2
303;293;2
303;295;2
303;298;-1
303;299;1
303;300;2
303;301;1
303;302;2
303;304;-2
303;305;1
303;308;2
303;310;2
304;230;2
304;240;1
304;242;2
304;252;2
304;280;1
304;291;1
304;292;2
304;293;1
304;295;2
304;296;1
304;298;2
304;299;1
304;301;1
304;302;2
304;303;1
304;305;1
304;308;2
304;310;1
304;312;1
304;315;1
304;318;1
304;321;1
304;341;2
304;566;2
305;229;2
305;235;2
305;258;1
305;269;-1
305;270;1
305;271;1
305;272;1
305;283;1
305;286;-1
305;287;-1
305;293;1
305;294;1
305;296;2
305;298;1
305;299;2
305;300;1
305;303;1
305;306;1
305;307;1
305;308;1
305;309;1
305;317;1
305;319;1
305;320;2
305;323;2
305;324;2
305;329;2
305;429;1
305;463;1
305;492;1
307;246;1
307;260;2
307;262;2
307;266;1
307;267;2
307;294;1
307;301;1
307;313;1
308;191;-1
308;192;-1
308;193;-1
308;194;-1
308;195;-1
308;196;-1
308;197;-1
308;198;-1
308;199;-1
308;200;-1
308;201;-1
308;202;-1
308;203;-1
308;204;-1
308;205;-1
308;206;-1
308;207;-1
308;292;1
308;299;1
308;300;2
308;302;2
308;303;2
308;304;2
308;305;1
308;310;1
309;231;1
309;241;2
309;273;1
309;274;1
309;291;1
309;292;1
309;293;1
309;294;1
309;295;1
309;296;1
309;297;1
309;298;2
309;299;1
309;301;1
309;302;1
309;303;1
309;305;1
309;306;2
309;307;1
309;308;1
309;310;1
309;314;1
309;315;-1
309;326;1
310;211;2
310;215;2
310;218;1
310;223;1
310;230;2
310;236;2
310;241;-2
310;252;2
310;256;2
310;263;-2
310;291;1
310;292;2
310;293;1
310;294;1
310;295;1
310;296;1
310;297;1
310;298;1
310;299;1
310;300;1
310;301;1
310;302;1
310;303;2
310;304;2
310;305;1
310;306;-2
310;307;1
310;308;2
310;309;2
311;206;2
311;264;2
311;265;-2
311;284;2
311;325;1
311;326;1
311;328;2
313;256;1
313;319;1
313;325;2
313;326;2
313;328;1
313;329;1
313;332;1
314;231;2
314;242;-2
314;247;-2
314;273;2
314;274;2
315;230;1
315;236;2
315;241;2
315;291;1
315;292;2
315;295;2
315;298;1
315;303;1
315;304;-2
315;309;-1
315;310;1
315;311;1
315;312;1
315;313;1
315;314;2
315;316;1
315;317;1
315;318;2
315;319;1
315;320;-1
315;321;1
315;322;1
315;323;1
315;324;1
315;325;1
315;326;1
315;327;1
315;328;1
315;330;1
315;332;1
315;410;-2
315;566;2
316;229;1
316;235;1
316;238;2
316;239;1
316;270;1
316;271;1
316;272;2
316;280;1
316;283;1
316;293;2
316;299;2
316;300;1
316;311;1
316;312;2
316;313;1
316;314;1
316;315;1
316;317;2
316;318;1
316;319;1
316;320;1
316;321;2
316;323;1
316;324;1
316;325;1
316;326;1
316;327;1
316;328;2
316;329;1
316;330;1
316;331;1
316;332;1
317;229;1
317;235;2
317;238;1
317;239;1
317;240;1
317;248;1
317;258;1
317;267;2
317;270;1
317;280;1
317;290;1
317;291;1
317;293;2
317;299;1
317;305;1
317;312;2
317;314;2
317;315;1
317;316;2
317;319;2
317;321;1
317;322;1
317;323;1
317;324;2
317;328;1
317;330;2
317;331;1
318;230;1
318;289;2
318;298;2
318;301;2
318;314;1
318;315;2
318;322;2
318;326;1
318;328;2
318;331;-2
318;332;1
320;235;1
320;269;1
320;271;1
320;272;1
320;279;-1
320;283;1
320;287;1
320;296;2
320;299;2
320;305;2
320;314;1
320;315;-1
320;319;1
320;322;1
320;323;1
320;324;1
320;329;1
322;224;2
322;227;1
322;243;2
322;244;2
322;245;2
322;263;1
322;312;2
322;318;1
322;319;1
322;320;2
322;321;1
322;323;1
322;324;1
322;327;1
322;328;1
322;332;2
323;227;2
323;229;2
323;235;1
323;238;1
323;267;1
323;270;2
323;271;1
323;272;1
323;274;1
323;280;1
323;291;1
323;293;2
323;296;1
323;299;1
323;304;1
323;305;1
323;307;-1
323;308;-1
323;312;1
323;314;2
323;316;2
323;317;1
323;319;1
323;321;1
323;324;2
323;328;1
323;330;1
323;365;2
323;395;2
323;400;1
323;408;-1
323;442;2
324;229;2
324;235;2
324;238;-1
324;271;1
324;272;1
324;279;-1
324;283;2
324;293;1
324;296;2
324;305;2
324;312;1
324;317;2
324;320;2
324;321;1
324;323;2
324;325;-1
324;328;1
324;331;-1
326;291;2
326;295;1
326;311;1
326;313;2
326;315;2
326;318;2
326;323;-2
326;325;2
326;328;2
326;331;2
327;226;-1
327;240;1
327;242;-2
327;256;2
327;302;2
327;332;1
328;238;2
328;270;1
328;271;1
328;272;2
328;280;1
328;293;1
328;299;1
328;311;2
328;312;2
328;316;2
328;321;1
328;325;2
328;329;1
329;299;2
329;301;2
329;311;-1
329;314;2
329;317;-2
329;318;2
329;320;2
329;325;-1
331;256;1
331;257;2
331;264;1
331;276;2
331;284;1
331;311;1
331;312;1
331;314;1
331;316;1
331;317;1
331;319;1
331;321;1
331;325;1
331;326;1
331;328;1
331;528;2
332;250;2
332;327;2
333;237;-2
333;339;1
333;340;1
333;342;-2
333;346;1
333;353;-2
333;357;1
333;360;-2
333;362;-2
333;366;-2
333;368;-2
333;380;-1
333;383;-1
333;384;2
333;387;-2
333;407;-2
334;333;1
334;335;1
334;336;-1
334;337;2
334;338;-1
334;339;2
334;340;1
334;341;2
334;342;-1
334;343;1
334;344;2
334;345;1
334;346;1
334;347;2
334;348;-1
334;349;2
334;350;1
334;357;1
334;358;2
334;360;2
334;361;2
334;362;-2
334;366;-2
334;368;-1
334;372;1
334;374;2
334;375;2
334;376;2
334;381;2
334;382;1
334;383;-2
334;387;-2
335;334;1
335;336;2
335;337;1
335;338;1
335;339;1
335;341;1
335;342;-1
335;344;1
335;345;2
335;347;1
335;348;1
335;349;2
335;350;2
335;354;1
335;359;2
335;360;1
335;362;-1
335;363;1
335;366;1
335;379;1
335;382;1
335;387;-1
335;443;2
335;450;2
335;451;-2
335;457;2
336;191;2
336;192;-2
336;193;-2
336;194;-2
336;195;-2
336;196;-1
336;197;-2
336;198;1
336;199;-2
336;200;-2
336;201;-2
336;202;-2
336;203;-2
336;204;-2
336;205;-2
336;206;-2
336;207;-2
336;208;-2
336;209;-2
336;210;-2
336;211;-2
336;212;2
336;213;-2
336;214;-2
336;215;-2
336;216;-2
336;217;1
336;218;-2
336;219;-2
336;220;-2
336;221;-2
336;222;1
336;223;-2
336;224;-2
336;225;-2
336;226;-2
336;227;-2
336;228;-2
336;229;-2
336;230;-2
336;231;-2
336;232;-2
336;233;-2
336;234;-2
336;235;-2
336;236;-2
336;237;-2
336;238;-2
336;239;-2
336;240;-2
336;241;-2
336;242;-2
336;243;-2
336;244;-2
336;245;-2
336;246;-2
336;247;-2
336;248;-2
336;249;-2
336;250;-2
336;251;-2
336;252;-2
336;254;-2
336;255;-2
336;256;-2
336;257;-2
336;258;-2
336;259;-2
336;260;-2
336;261;-2
336;262;-2
336;263;-2
336;264;-2
336;265;-2
336;266;-2
336;267;-1
336;268;-1
336;269;-1
336;270;-1
336;271;-1
336;272;-1
336;273;-1
336;274;-1
336;275;-1
336;276;-1
336;277;-1
336;278;-1
336;279;-1
336;280;-1
336;281;-1
336;282;-1
336;283;-1
336;284;-1
336;285;-1
336;286;-1
336;287;-1
336;288;-1
336;289;-1
336;290;-1
336;291;-1
336;292;-1
336;293;-1
336;294;-1
336;295;-1
336;296;-1
336;297;-1
336;298;-1
336;299;-1
336;300;-1
336;301;-1
336;302;-1
336;303;-1
336;304;-1
336;305;-1
336;306;-1
336;307;-1
336;308;-1
336;309;-1
336;310;-1
336;311;-1
336;312;-1
336;313;-1
336;314;-1
336;315;-1
336;316;-1
336;317;-1
336;318;-1
336;319;-1
336;320;-1
336;321;-1
336;322;-1
336;323;-1
336;324;-1
336;325;-1
336;326;-1
336;327;-1
336;328;-1
336;329;-1
336;330;-1
336;331;-1
336;332;-1
336;334;1
336;335;2
336;337;2
336;338;2
336;339;1
336;340;-1
336;341;1
336;342;1
336;343;1
336;344;2
336;345;2
336;346;-1
336;347;2
336;348;2
336;349;2
336;350;2
336;354;1
336;359;2
336;360;1
336;362;2
336;363;2
336;372;1
336;377;1
336;378;2
336;379;2
336;382;2
336;387;1
336;388;1
336;422;2
336;435;1
336;443;2
336;450;2
336;451;2
336;457;2
337;333;1
337;334;2
337;335;1
337;336;2
337;338;2
337;339;1
337;340;1
337;341;2
337;342;1
337;343;1
337;344;2
337;345;1
337;346;1
337;347;2
337;348;2
337;349;2
337;350;1
337;351;1
337;353;1
337;354;1
337;355;1
337;358;1
337;360;1
337;361;1
337;362;2
337;363;2
337;364;1
337;365;1
337;366;2
337;367;1
337;370;1
337;372;1
337;376;1
337;381;1
337;383;1
337;387;2
337;421;1
337;428;1
337;463;2
337;509;2
337;525;1
337;556;2
337;578;1
337;579;2
337;580;2
337;599;1
338;222;2
338;333;1
338;334;1
338;335;2
338;336;2
338;337;2
338;339;2
338;340;1
338;341;1
338;342;1
338;343;1
338;344;1
338;345;1
338;346;1
338;347;1
338;348;2
338;349;1
338;350;1
338;352;1
338;353;1
338;354;2
338;356;1
338;357;1
338;359;2
338;360;1
338;362;2
338;363;1
338;366;1
338;369;1
338;374;1
338;377;2
338;378;1
338;379;1
338;382;1
338;384;1
338;388;1
338;451;1
338;457;2
338;485;2
339;333;2
339;334;2
339;336;1
339;337;2
339;338;2
339;340;2
339;341;2
339;346;2
339;349;2
339;373;1
339;403;2
339;404;1
339;409;2
339;416;2
339;431;2
339;459;1
339;461;2
339;463;2
339;467;1
340;333;1
340;336;-1
340;338;-1
340;339;1
340;342;-2
340;346;1
340;348;-1
340;350;-1
340;351;-2
340;353;-2
340;355;2
340;356;1
340;357;2
340;360;-1
340;369;1
340;377;1
340;384;1
340;387;-1
340;388;2
340;407;1
340;472;1
340;473;1
340;475;1
340;477;1
340;480;-1
340;482;2
340;483;1
340;485;1
340;486;1
340;487;2
340;490;2
340;492;-2
340;495;1
340;496;1
340;498;-1
340;499;1
340;502;1
340;504;-1
340;505;-1
340;506;-1
340;507;-1
340;509;-1
340;512;-2
340;513;-2
340;522;1
340;524;-1
340;533;1
341;333;1
341;334;2
341;335;1
341;336;1
341;337;1
341;338;1
341;339;2
341;342;1
341;343;1
341;344;1
341;345;1
341;347;1
341;348;1
341;349;1
341;350;1
341;355;1
341;358;2
341;360;1
341;361;2
341;362;1
341;363;1
341;367;1
341;370;1
341;371;1
341;372;1
341;374;1
341;375;1
341;376;1
341;381;2
341;382;1
341;383;1
341;386;1
341;410;1
341;418;1
341;419;1
341;421;1
341;422;1
341;424;1
341;566;2
342;439;1
342;512;2
342;513;2
342;547;2
342;550;1
343;217;2
343;222;2
343;225;1
343;237;1
343;254;2
343;255;2
343;275;2
343;334;1
343;336;1
343;338;2
343;342;2
343;345;1
343;349;-1
343;350;-1
343;353;2
343;355;2
343;358;1
343;360;1
343;361;-1
343;362;2
343;366;1
343;367;-1
343;368;-1
343;374;-1
343;378;-1
343;383;-1
343;386;-1
343;387;2
344;333;1
344;334;2
344;335;2
344;336;2
344;337;2
344;338;1
344;339;1
344;340;1
344;341;2
344;342;1
344;343;1
344;345;2
344;346;1
344;347;2
344;348;2
344;349;2
344;350;2
344;351;-1
344;353;1
344;356;-1
344;357;-1
344;359;2
344;360;2
344;361;2
344;362;1
344;363;1
344;366;1
344;368;-1
344;376;2
344;378;1
344;379;1
344;381;2
344;382;1
344;385;1
344;388;1
344;443;2
344;448;2
344;450;2
345;335;2
345;336;2
345;344;1
345;348;1
345;350;1
345;359;1
345;363;2
345;425;1
345;428;1
345;450;1
346;333;1
346;339;1
346;340;1
346;351;2
346;356;2
346;369;1
346;377;2
346;388;1
347;333;-1
347;334;2
347;335;1
347;336;1
347;337;2
347;338;1
347;341;1
347;342;1
347;343;1
347;344;2
347;345;1
347;346;-1
347;348;2
347;349;2
347;350;1
347;353;1
347;359;1
347;361;1
347;363;1
347;368;-1
347;376;2
347;381;2
347;422;1
348;333;-1
348;334;1
348;335;2
348;336;2
348;337;2
348;338;2
348;340;-1
348;341;1
348;342;1
348;343;1
348;344;2
348;345;2
348;346;-1
348;347;2
348;349;1
348;350;2
348;353;1
348;354;1
348;356;-1
348;357;-1
348;360;1
348;362;1
348;366;1
348;369;-1
348;377;-1
348;379;1
348;382;1
348;387;1
348;400;2
348;422;1
348;443;2
348;457;1
349;333;-1
349;334;2
349;335;2
349;336;2
349;337;1
349;338;1
349;339;1
349;341;2
349;342;-1
349;344;2
349;347;2
349;348;1
349;350;1
349;351;-1
349;356;-2
349;359;1
349;360;2
349;361;2
349;362;-2
349;363;1
349;366;1
349;367;1
349;369;-2
349;370;1
349;372;2
349;375;-1
349;376;1
349;377;-1
349;380;-1
349;381;1
349;382;2
349;383;1
349;384;-1
349;450;-1
350;335;1
350;336;2
350;344;2
350;345;2
350;348;1
350;349;1
350;422;1
350;443;2
350;450;2
350;457;1
350;525;2
351;346;2
351;353;1
351;356;2
351;357;-2
351;377;1
351;407;-2
351;522;1
352;353;1
352;354;1
352;359;1
352;360;1
352;362;1
352;363;1
352;364;2
352;365;2
352;395;2
352;400;2
352;401;1
352;408;-2
352;410;1
352;421;-1
352;422;1
352;429;1
352;430;1
352;433;1
352;434;1
352;440;1
352;442;2
352;449;1
352;460;2
352;463;1
352;468;-1
353;222;1
353;225;1
353;237;1
353;254;2
353;255;1
353;259;1
353;275;1
353;333;-2
353;337;1
353;338;1
353;340;-1
353;342;2
353;343;1
353;346;1
353;351;2
353;354;2
353;356;2
353;357;-2
353;360;1
353;362;1
353;363;1
353;364;1
353;368;-2
353;370;1
353;374;-1
353;376;1
353;377;1
353;378;-1
353;380;-2
353;381;1
353;383;-2
353;384;-1
353;387;1
353;388;1
353;412;1
353;414;1
353;417;2
353;428;2
353;429;2
353;435;1
353;441;1
353;456;1
353;457;1
353;462;1
353;469;2
353;472;-1
353;474;1
353;480;1
353;481;-1
353;487;-1
353;501;-1
353;511;-1
353;512;1
353;519;1
353;545;1
353;547;1
354;204;1
354;207;1
354;335;1
354;336;1
354;338;2
354;348;1
354;352;1
354;353;2
354;355;1
354;359;1
354;360;1
354;362;1
354;363;1
354;364;2
354;365;2
354;366;1
354;369;1
354;395;2
354;400;1
354;401;2
354;440;1
354;442;2
355;200;-2
355;219;1
355;220;-2
355;222;2
355;223;-2
355;225;2
355;234;1
355;253;2
355;333;1
355;334;-1
355;337;-1
355;338;-2
355;340;2
355;341;1
355;343;1
355;351;1
355;352;1
355;353;1
355;354;1
355;356;1
355;357;1
355;358;1
355;359;1
355;360;1
355;361;1
355;362;1
355;363;1
355;364;1
355;365;1
355;366;1
355;367;2
355;368;1
355;369;1
355;370;2
355;375;2
355;380;1
355;383;-2
355;384;2
355;386;-2
355;387;-2
355;388;1
356;214;-1
356;217;1
356;222;1
356;277;-1
356;333;-1
356;338;1
356;339;1
356;340;1
356;346;2
356;348;-1
356;351;2
356;353;2
356;354;1
356;355;1
356;357;-1
356;358;1
356;360;1
356;363;1
356;367;1
356;369;2
356;372;-1
356;374;-1
356;377;2
356;383;-1
356;384;-1
356;386;1
356;412;1
356;436;1
356;447;-1
356;452;1
356;463;1
356;469;1
356;470;-1
356;474;1
356;485;1
356;492;1
356;495;1
356;496;1
356;498;1
356;558;-1
356;590;-1
357;192;-1
357;193;-1
357;214;1
357;215;1
357;217;1
357;219;2
357;222;1
357;333;2
357;340;2
357;346;1
357;348;-1
357;351;-2
357;353;-2
357;354;1
357;355;2
357;356;-2
357;358;2
357;361;1
357;362;-2
357;366;-2
357;367;2
357;368;2
357;369;2
357;374;-1
357;375;1
357;377;1
357;378;1
357;380;2
357;383;-1
357;384;2
357;387;-2
357;388;1
357;407;1
357;408;-1
357;409;1
357;463;1
357;469;1
357;485;-1
358;193;-2
358;222;1
358;225;1
358;227;1
358;237;1
358;243;1
358;244;-1
358;245;-1
358;253;1
358;254;1
358;263;2
358;333;1
358;334;2
358;337;2
358;341;2
358;343;1
358;352;1
358;353;-2
358;354;1
358;355;2
358;356;1
358;357;1
358;360;1
358;361;1
358;362;-2
358;367;1
358;368;2
358;369;1
358;375;2
358;382;1
358;386;2
358;387;-2
358;409;2
358;498;1
359;191;1
359;335;2
359;336;2
359;338;1
359;339;1
359;344;2
359;345;2
359;347;1
359;348;-2
359;349;1
359;350;2
359;352;1
359;353;1
359;354;1
359;355;1
359;357;1
359;358;1
359;360;1
359;361;1
359;362;1
359;363;1
359;364;1
359;365;1
359;366;1
359;367;1
359;377;1
359;379;1
359;382;1
359;384;1
359;422;1
359;443;2
359;450;2
359;457;1
360;333;-1
360;337;2
360;362;2
360;363;1
360;366;2
360;371;-1
360;380;-1
360;384;-1
360;387;2
360;580;2
361;334;2
361;337;1
361;341;2
361;344;1
361;347;1
361;349;2
361;351;1
361;353;-1
361;355;1
361;356;-1
361;357;1
361;358;1
361;360;1
361;367;1
361;368;1
361;370;1
361;376;1
361;381;2
361;382;1
362;191;1
362;333;-2
362;335;-1
362;336;1
362;337;2
362;338;1
362;341;1
362;343;2
362;344;1
362;345;1
362;348;1
362;349;1
362;351;1
362;353;1
362;354;2
362;355;1
362;356;1
362;357;-1
362;358;1
362;359;1
362;360;2
362;361;1
362;363;2
362;364;1
362;365;1
362;366;2
362;368;-1
362;372;1
362;373;1
362;374;-1
362;380;-2
362;386;1
362;387;2
362;417;2
362;418;1
362;441;2
362;443;1
362;450;1
362;451;1
362;457;2
362;465;1
364;352;2
364;353;1
364;360;1
364;365;2
364;366;1
364;395;1
364;400;1
364;401;1
364;421;1
364;429;2
364;430;2
364;434;1
364;440;1
364;442;1
364;449;1
364;456;1
364;460;2
364;463;1
364;464;1
364;465;1
364;469;1
364;470;1
365;227;2
365;270;1
365;323;1
365;330;1
365;352;2
365;354;2
365;359;1
365;364;2
365;389;-1
365;393;1
365;395;2
365;400;1
365;401;2
365;408;-2
365;410;1
365;413;1
365;421;1
365;422;1
365;423;1
365;428;1
365;430;1
365;433;1
365;434;1
365;437;-1
365;440;2
365;442;2
365;445;1
365;449;2
365;460;2
365;468;-1
366;333;-1
366;336;1
366;337;1
366;348;1
366;350;1
366;354;1
366;359;1
366;360;2
366;362;2
366;363;1
366;368;-1
366;387;2
366;443;1
366;457;1
367;353;-2
367;355;2
367;357;1
367;358;1
367;361;1
367;362;-1
367;366;-2
367;370;1
367;375;2
367;383;2
367;386;1
367;387;-1
368;342;-1
368;353;-2
368;355;1
368;357;1
368;358;1
368;363;-2
368;366;-2
368;367;1
368;380;2
368;407;2
370;222;2
370;253;1
370;255;1
370;259;1
370;275;1
370;341;1
370;342;1
370;343;1
370;347;1
370;349;1
370;353;1
370;355;2
370;361;1
370;362;1
370;367;1
370;375;1
370;376;2
370;381;2
370;382;1
370;383;1
370;386;1
370;387;1
370;388;1
370;391;1
370;536;2
371;372;1
371;388;1
371;500;2
371;519;2
371;521;1
372;334;1
372;337;1
372;341;1
372;349;1
372;356;-1
372;362;-1
372;363;1
372;366;-1
372;373;1
372;374;1
372;376;2
372;377;2
372;378;1
372;379;1
372;383;-1
372;384;1
372;385;2
372;387;-2
372;388;2
372;412;1
372;436;1
372;456;1
372;463;2
372;470;1
373;339;2
373;362;-1
373;372;1
373;376;1
373;383;-1
373;390;1
373;393;1
373;394;1
373;399;1
373;400;1
373;402;1
373;403;1
373;404;1
373;406;-1
373;416;1
373;417;2
373;418;-1
373;426;2
373;440;1
373;442;1
373;453;1
373;454;1
373;459;1
373;460;1
373;461;2
373;466;1
373;467;1
376;334;2
376;337;2
376;341;1
376;344;1
376;347;1
376;362;2
376;366;1
376;370;2
376;372;2
376;373;2
376;377;1
376;378;1
376;379;1
376;381;2
376;383;1
376;387;1
376;388;1
377;191;1
377;214;1
377;219;1
377;222;1
377;253;1
377;333;2
377;336;1
377;338;1
377;339;1
377;340;1
377;346;2
377;350;1
377;351;2
377;355;1
377;356;2
377;357;1
377;359;1
377;360;1
377;369;2
377;370;1
377;372;2
377;374;1
377;376;2
377;378;1
377;379;1
377;380;1
377;382;1
377;384;2
377;385;2
377;387;1
377;388;1
377;412;1
377;443;1
377;457;1
377;463;1
377;469;1
377;485;2
378;322;1
378;335;1
378;336;1
378;345;1
378;348;1
378;359;1
378;372;2
378;373;1
378;374;2
378;376;1
378;379;2
378;381;1
378;382;2
378;383;1
378;385;2
378;386;-1
379;360;1
379;372;2
379;374;2
379;376;1
379;378;2
379;382;2
379;384;1
379;385;2
380;333;2
380;337;-1
380;348;-1
380;351;-2
380;353;-2
380;354;-1
380;355;1
380;357;1
380;360;-1
380;362;-2
380;363;-2
380;366;-2
380;368;2
380;383;-2
380;384;2
380;387;-2
380;405;-2
380;406;-2
380;407;2
380;409;-2
380;410;-1
380;411;-2
382;212;1
382;334;1
382;335;1
382;336;2
382;337;1
382;341;1
382;342;-1
382;344;1
382;345;1
382;347;1
382;348;2
382;349;2
382;351;-1
382;353;-1
382;355;1
382;358;1
382;359;1
382;360;2
382;361;1
382;362;-1
382;363;1
382;366;1
382;367;1
382;370;1
382;371;1
382;372;1
382;373;1
382;374;2
382;375;1
382;376;1
382;377;1
382;378;2
382;379;2
382;380;1
382;381;1
382;383;1
382;384;1
382;385;2
382;386;1
382;387;1
382;388;1
382;392;1
382;393;1
382;395;1
382;400;1
383;351;-2
383;353;-2
383;360;1
383;362;1
383;363;1
383;367;2
383;370;1
383;373;1
383;375;2
383;376;1
383;387;1
383;402;2
384;333;2
384;351;-1
384;353;-2
384;356;-1
384;357;1
384;362;-1
384;372;1
384;377;1
384;378;-1
384;380;1
384;382;1
384;383;-1
384;387;-1
384;393;1
385;349;1
385;351;-1
385;353;-1
385;356;-1
385;362;-1
385;369;1
385;372;2
385;374;1
385;376;1
385;377;1
385;378;2
385;379;2
385;382;1
385;384;1
385;387;-1
385;388;1
385;463;2
385;478;1
386;217;1
386;219;1
386;222;2
386;225;1
386;227;2
386;234;1
386;237;1
386;243;1
386;253;1
386;254;1
386;259;1
386;263;2
386;268;1
386;322;1
386;333;1
386;334;2
386;337;1
386;338;1
386;340;1
386;341;2
386;343;1
386;345;1
386;347;1
386;349;1
386;351;2
386;353;-1
386;354;1
386;356;2
386;357;2
386;358;2
386;360;2
386;362;-2
386;363;2
386;367;2
386;368;2
386;370;1
386;371;1
386;372;1
386;373;1
386;374;-1
386;375;1
386;376;1
386;377;1
386;378;-1
386;379;2
386;381;1
386;382;1
386;384;2
386;385;1
386;387;-1
386;388;2
386;391;2
386;397;1
386;399;2
386;402;1
386;405;2
386;406;2
386;407;2
386;408;2
386;409;2
386;410;1
387;360;2
387;362;2
387;366;2
387;372;-1
388;217;2
388;340;1
388;342;1
388;346;1
388;353;1
388;370;1
388;371;1
388;372;2
388;374;1
388;376;1
388;377;1
388;380;1
388;382;1
388;383;-1
388;384;1
388;385;1
388;386;1
388;387;1
388;405;1
388;409;1
388;411;1
388;463;1
388;465;1
388;472;1
388;474;1
388;476;1
388;477;1
388;485;1
388;494;2
388;495;1
388;499;1
388;500;2
388;502;1
388;503;1
388;504;2
388;506;1
388;507;1
388;510;1
388;511;1
388;512;1
388;513;1
388;515;1
388;519;2
388;521;1
388;522;1
388;524;1
388;547;1
388;558;1
388;573;1
388;597;1
389;402;1
389;422;1
389;425;1
390;392;1
390;393;2
390;398;2
390;403;1
390;404;1
390;454;2
390;458;2
390;463;1
392;235;2
392;260;1
392;270;2
392;272;1
392;278;1
392;279;1
392;281;1
392;285;1
392;286;1
392;288;1
392;290;1
392;300;1
392;305;1
392;308;1
392;316;1
392;317;1
392;319;1
392;320;1
392;323;2
392;324;1
392;328;1
392;330;2
392;336;1
392;337;1
392;344;1
392;349;1
392;352;2
392;354;2
392;355;1
392;360;1
392;361;1
392;363;1
392;364;2
392;365;2
392;369;1
392;372;1
392;373;1
392;374;1
392;375;1
392;377;1
392;379;1
392;380;1
392;382;1
392;383;1
392;386;1
392;387;1
392;388;1
392;389;2
392;390;2
392;391;2
392;393;2
392;394;2
392;395;1
392;396;2
392;397;2
392;398;2
392;399;2
392;400;2
392;401;2
392;402;2
392;403;2
392;404;2
392;405;1
392;406;1
392;409;1
392;410;1
392;411;1
392;412;2
392;415;1
392;417;2
392;418;1
392;419;2
392;420;1
392;421;2
392;422;2
392;423;1
392;425;2
392;429;2
392;430;2
392;431;2
392;432;2
392;433;2
392;434;2
392;435;1
392;436;2
392;437;2
392;438;-1
392;439;1
392;440;2
392;441;1
392;442;2
392;444;2
392;445;2
392;449;2
392;450;2
392;451;1
392;452;2
392;454;2
392;456;2
392;458;2
392;459;2
392;460;2
392;461;1
392;462;1
392;463;2
392;464;1
392;465;2
392;466;1
392;467;1
392;468;2
392;469;1
392;470;1
392;471;1
392;473;1
392;482;1
392;484;1
392;490;1
392;509;1
392;522;1
392;523;1
392;524;1
392;525;1
392;529;2
392;532;1
392;534;1
392;537;1
392;539;1
392;540;1
392;555;1
392;556;1
392;567;1
392;573;2
392;576;2
392;577;1
392;578;1
392;580;1
392;582;1
392;583;1
392;585;1
392;587;1
392;597;1
392;599;1
394;281;2
394;389;-1
394;390;1
394;391;1
394;392;2
394;393;1
394;395;1
394;396;1
394;397;1
394;398;2
394;399;2
394;400;1
394;401;1
394;402;2
394;403;1
394;404;1
394;406;1
394;418;1
394;431;1
394;439;2
394;441;2
394;451;1
394;453;2
394;461;2
394;462;1
394;465;1
394;466;1
394;467;1
395;361;1
395;364;2
395;365;1
395;366;1
395;374;1
395;377;1
395;378;1
395;379;1
395;387;1
395;389;1
395;390;1
395;391;1
395;392;1
395;393;2
395;394;1
395;396;1
395;397;1
395;398;2
395;399;1
395;400;2
395;401;2
395;402;2
395;403;1
395;404;1
395;405;1
395;406;2
395;407;1
395;408;2
395;409;1
395;410;2
395;411;1
395;412;1
395;413;1
395;417;2
395;419;1
395;420;1
395;421;1
395;428;1
395;429;1
395;430;2
395;432;1
395;433;1
395;435;1
395;436;2
395;437;1
395;438;2
395;439;2
395;440;2
395;441;1
395;442;2
395;444;2
395;445;2
395;446;1
395;449;2
395;450;1
395;451;2
395;456;2
395;460;2
395;463;1
395;464;-1
395;465;1
395;468;1
395;469;2
395;470;2
396;391;2
396;392;2
396;404;2
397;363;1
397;370;-1
397;371;-1
397;374;-1
397;375;-1
397;376;-1
397;378;-2
397;379;-1
397;380;-1
397;381;-1
397;382;-1
397;383;-2
397;385;-1
397;387;-2
397;388;-2
397;392;1
397;393;2
397;394;2
397;395;-2
397;398;2
397;399;2
397;400;1
397;401;1
397;402;2
397;403;2
397;404;1
397;406;1
397;408;1
397;413;-1
397;416;1
397;419;-2
397;420;-1
397;422;-1
397;423;-2
397;424;1
397;425;1
397;428;2
397;436;2
397;438;1
397;440;-2
397;444;1
397;445;1
397;447;1
397;451;-2
397;452;1
397;457;-2
397;458;2
397;460;1
397;463;2
397;468;-2
397;470;1
398;258;1
398;265;1
398;279;2
398;352;1
398;354;1
398;364;1
398;365;1
398;381;-1
398;389;1
398;390;2
398;391;1
398;392;2
398;393;2
398;394;2
398;395;2
398;396;1
398;397;2
398;399;2
398;400;2
398;401;2
398;402;2
398;403;1
398;404;2
398;406;1
398;408;1
398;409;1
398;410;2
398;411;1
398;417;1
398;419;1
398;422;1
398;429;1
398;430;1
398;431;1
398;433;2
398;436;1
398;437;2
398;438;1
398;444;1
398;445;1
398;447;1
398;449;2
398;450;-1
398;460;1
398;462;2
398;465;1
398;470;1
399;360;-1
399;362;-2
399;363;1
399;374;-2
399;375;-1
399;376;-1
399;378;1
399;379;-1
399;382;-1
399;383;1
399;386;-1
399;388;-2
399;392;1
399;393;2
399;394;2
399;395;-2
399;397;2
399;398;1
399;400;1
399;401;1
399;402;2
399;403;2
399;404;2
399;410;1
399;413;-2
399;416;1
399;417;2
399;418;1
399;419;-2
399;420;-1
399;422;-1
399;423;-2
399;424;2
399;425;2
399;428;1
399;433;-2
399;438;1
399;440;-1
399;442;1
399;443;-2
399;444;1
399;447;1
399;454;1
399;457;-2
399;458;1
399;460;1
399;463;-2
399;466;1
399;467;1
399;468;-2
399;470;1
400;323;1
400;348;1
400;352;1
400;354;1
400;364;1
400;365;1
400;373;1
400;374;1
400;381;1
400;382;1
400;383;1
400;387;2
400;390;1
400;392;2
400;393;2
400;394;1
400;395;2
400;397;1
400;398;1
400;399;1
400;401;2
400;402;1
400;403;1
400;404;1
400;409;1
400;410;1
400;419;-1
400;421;2
400;430;1
400;433;1
400;434;1
400;436;1
400;440;1
400;442;2
400;443;1
400;444;1
400;445;1
400;449;1
400;458;1
400;460;2
400;463;1
400;465;1
400;484;1
401;330;1
401;352;2
401;354;2
401;360;1
401;364;1
401;365;2
401;389;1
401;390;1
401;391;1
401;392;1
401;393;2
401;394;1
401;395;2
401;396;1
401;397;1
401;398;1
401;399;2
401;400;2
401;402;2
401;403;1
401;404;1
401;405;1
401;406;1
401;407;1
401;408;1
401;409;1
401;410;2
401;411;1
401;412;1
401;415;1
401;418;1
401;419;1
401;420;1
401;421;1
401;423;1
401;426;1
401;428;1
401;429;2
401;430;2
401;432;1
401;436;1
401;440;2
401;442;2
401;445;1
401;449;2
401;451;1
401;456;1
401;460;2
401;462;1
401;463;1
401;467;1
401;468;1
401;469;2
402;389;1
402;392;1
402;393;2
402;394;2
402;395;1
402;397;1
402;398;2
402;399;2
402;400;1
402;401;1
402;404;1
402;406;-1
402;408;-1
402;410;-2
402;451;2
402;453;2
402;455;2
402;461;2
403;314;-2
403;339;2
403;370;-1
403;371;-1
403;373;1
403;374;-1
403;375;-1
403;376;-1
403;378;-2
403;379;-1
403;380;-1
403;381;-1
403;382;-1
403;383;-2
403;385;-1
403;386;-1
403;387;-1
403;388;-1
403;390;1
403;393;1
403;394;2
403;395;-1
403;397;2
403;399;2
403;400;1
403;402;1
403;404;2
403;406;1
403;408;1
403;416;2
403;424;1
403;426;1
403;431;2
403;444;1
403;445;1
403;447;1
403;454;1
403;457;-1
403;458;1
403;459;2
403;461;1
403;463;2
403;466;2
403;467;2
403;470;1
403;540;2
403;551;2
403;564;2
405;217;2
405;237;2
405;407;2
405;409;2
405;411;2
405;469;2
405;473;1
405;477;1
405;491;1
405;505;2
405;507;1
405;527;1
405;543;1
405;544;2
405;545;2
405;558;2
405;559;2
405;592;2
405;595;1
405;599;1
408;389;-2
408;402;-2
408;404;2
409;217;1
409;237;1
409;253;1
409;254;1
409;255;1
409;355;1
409;357;1
409;380;1
409;388;1
409;389;1
409;390;1
409;391;1
409;392;1
409;393;1
409;394;1
409;395;1
409;396;1
409;397;1
409;398;1
409;399;1
409;400;1
409;401;1
409;402;1
409;403;1
409;404;1
409;405;1
409;407;1
409;410;1
409;411;1
409;412;1
409;420;1
409;429;1
409;462;-2
409;477;1
409;479;1
409;483;1
409;505;1
409;506;1
409;537;1
409;545;1
409;559;1
410;341;1
410;355;1
410;365;1
410;389;1
410;390;1
410;391;1
410;392;1
410;393;1
410;394;1
410;395;2
410;396;1
410;398;1
410;399;1
410;400;2
410;401;2
410;402;2
410;403;1
410;404;1
410;405;2
410;406;1
410;407;1
410;408;1
410;409;2
410;411;2
410;412;1
410;413;1
410;415;1
410;417;2
410;418;1
410;419;1
410;420;1
410;421;1
410;422;1
410;423;2
410;424;1
410;426;1
410;428;2
410;429;2
410;430;2
410;433;2
410;436;1
410;441;2
410;450;1
410;566;2
411;217;2
411;237;2
411;340;-1
411;351;-1
411;352;1
411;388;2
411;389;1
411;390;1
411;391;1
411;392;1
411;393;1
411;394;1
411;395;1
411;396;1
411;397;1
411;398;2
411;399;1
411;400;1
411;401;1
411;402;2
411;403;1
411;404;1
411;405;2
411;406;-2
411;407;2
411;408;-2
411;409;2
411;410;1
411;443;1
411;462;-2
411;469;2
411;477;2
411;482;-2
411;485;1
411;498;-2
411;500;-1
411;502;1
411;505;1
411;506;1
411;507;1
411;512;-1
411;513;-2
411;519;-1
411;526;-1
411;527;2
411;533;1
411;537;2
411;541;1
411;542;-1
411;544;1
411;545;2
411;547;-1
411;548;-1
411;554;-1
411;558;-1
411;559;2
411;563;-1
411;569;-1
411;570;-1
411;571;-1
411;573;-1
411;574;-1
411;577;-1
411;583;-1
411;584;-1
411;588;-1
411;590;2
411;592;2
411;594;-1
411;595;1
411;599;2
414;405;1
414;411;2
414;415;2
414;427;1
414;435;1
414;499;1
414;512;1
414;527;1
414;532;2
414;543;2
414;587;1
414;590;1
414;591;2
414;599;1
415;412;1
415;414;2
415;416;1
415;417;1
415;419;1
415;420;2
415;421;1
415;423;1
415;426;1
415;427;1
415;429;2
415;430;1
415;433;1
415;434;1
415;438;1
415;441;1
415;464;1
415;465;1
415;526;1
415;529;1
415;532;1
415;553;2
415;555;2
415;558;1
415;561;2
415;565;1
415;567;1
415;573;1
415;574;2
415;576;1
415;597;1
416;339;2
416;373;1
416;403;2
416;404;1
416;419;1
416;431;2
416;458;1
416;459;1
416;461;1
416;466;2
416;467;2
417;217;1
417;222;2
417;237;2
417;255;1
417;263;1
417;275;1
417;339;1
417;343;1
417;348;1
417;353;1
417;360;2
417;362;2
417;366;2
417;387;2
417;407;1
417;408;-2
417;412;2
417;413;-2
417;414;2
417;415;2
417;416;1
417;420;2
417;421;2
417;423;1
417;424;1
417;429;2
417;433;-2
417;435;2
417;440;1
417;441;1
417;449;1
417;451;1
417;457;1
417;462;1
417;464;1
417;466;1
417;467;1
417;469;1
417;470;1
417;545;1
417;590;1
417;592;1
417;599;1
418;391;1
418;394;1
418;399;2
418;417;2
418;419;1
418;422;2
418;423;-2
418;425;2
418;426;2
418;427;2
418;429;1
418;430;-1
418;434;1
418;448;2
418;466;2
418;467;2
418;468;2
419;260;2
419;341;1
419;352;1
419;364;-1
419;392;2
419;393;2
419;398;1
419;400;-1
419;401;-1
419;408;-2
419;410;-2
419;415;1
419;416;1
419;420;-1
419;421;1
419;422;-2
419;424;1
419;429;1
419;430;1
419;432;2
419;434;2
419;436;1
419;437;1
419;440;-1
419;445;1
419;446;2
419;452;1
419;454;1
419;463;-2
419;468;2
419;484;1
419;566;2
421;413;-1
421;414;1
421;415;1
421;416;1
421;417;2
421;418;1
421;419;1
421;420;2
421;422;1
421;423;2
421;424;2
421;425;-1
421;426;1
421;427;1
421;428;2
421;429;1
421;430;2
422;191;2
422;210;1
422;212;2
422;217;1
422;265;1
422;341;2
422;350;2
422;359;1
422;362;1
422;377;2
422;389;1
422;412;-1
422;413;1
422;414;1
422;415;-1
422;417;2
422;418;2
422;419;-2
422;420;2
422;421;-2
422;423;1
422;424;1
422;425;2
422;426;1
422;427;2
422;428;2
422;430;1
422;432;1
422;435;2
422;436;1
422;440;1
422;443;2
422;449;1
422;450;2
422;457;2
422;463;1
422;469;1
422;566;1
423;345;2
423;347;1
423;363;1
423;396;1
423;397;1
423;401;1
423;408;1
423;409;1
423;410;2
423;412;1
423;413;1
423;414;1
423;415;1
423;416;1
423;417;1
423;418;1
423;419;2
423;420;1
423;421;1
423;422;1
423;424;1
423;425;1
423;426;2
423;427;2
423;428;2
423;429;1
423;430;2
423;433;2
423;434;1
423;436;1
423;439;1
423;441;1
423;446;1
423;449;1
423;466;1
423;467;1
423;468;1
423;469;1
424;399;2
424;414;1
424;416;1
424;417;1
424;419;1
424;421;2
424;425;-2
424;427;1
424;430;-1
424;442;1
424;463;1
425;412;-2
425;417;-2
425;418;2
425;421;-2
425;422;2
426;265;1
426;274;2
426;281;1
426;291;1
426;292;1
426;339;1
426;373;2
426;402;1
426;403;1
426;412;1
426;413;1
426;414;1
426;415;1
426;416;1
426;417;1
426;418;2
426;419;1
426;420;1
426;421;1
426;422;1
426;423;1
426;424;1
426;425;1
426;427;1
426;428;1
426;429;1
426;430;1
426;433;1
426;448;2
426;461;2
426;466;1
426;467;1
426;468;1
427;413;1
427;414;1
427;415;1
427;418;1
427;420;1
427;422;1
427;423;1
427;439;1
427;441;1
427;462;1
427;512;1
427;528;1
427;536;1
427;547;1
427;548;1
427;565;1
427;570;1
427;581;1
427;584;1
428;222;1
428;333;-2
428;337;1
428;352;1
428;353;2
428;360;1
428;362;1
428;363;2
428;365;1
428;366;1
428;380;-2
428;384;-1
428;387;1
428;397;2
428;399;2
428;401;2
428;407;-1
428;408;1
428;410;2
428;412;1
428;413;1
428;414;2
428;415;2
428;416;1
428;417;2
428;418;2
428;420;1
428;421;2
428;423;2
428;424;1
428;425;1
428;426;1
428;427;1
428;429;1
428;430;2
428;433;2
428;434;1
428;440;1
428;457;2
428;458;2
428;461;1
428;462;2
428;464;1
428;466;1
428;467;2
428;469;1
430;395;1
430;401;1
430;412;1
430;413;1
430;418;1
430;419;1
430;421;1
430;422;1
430;423;1
430;426;1
430;428;1
431;339;2
431;392;2
431;394;2
431;398;2
431;403;2
431;404;2
431;432;1
431;433;1
431;434;2
431;436;1
431;437;1
431;438;2
431;441;2
431;446;2
431;447;1
431;449;1
431;450;1
431;452;-1
431;459;2
431;466;2
431;467;2
432;334;1
432;392;1
432;393;1
432;396;1
432;398;-1
432;400;1
432;408;-2
432;409;-1
432;410;-1
432;412;-1
432;413;-1
432;415;-2
432;417;-1
432;418;1
432;419;2
432;420;-2
432;421;-2
432;424;-1
432;425;-1
432;430;-2
432;431;1
432;433;1
432;434;1
432;435;-1
432;436;2
432;437;1
432;440;-1
432;444;-1
432;445;1
432;447;-2
432;449;-1
432;450;1
432;456;-1
432;463;1
432;465;1
432;468;2
432;469;-2
433;205;1
433;280;2
433;312;1
433;321;1
433;323;1
433;324;1
433;328;1
433;391;1
433;393;2
433;395;1
433;398;2
433;400;1
433;401;2
433;406;1
433;408;2
433;410;1
433;412;2
433;415;1
433;418;1
433;419;2
433;421;1
433;426;1
433;428;1
433;429;1
433;431;1
433;432;1
433;434;2
433;436;2
433;437;2
433;438;1
433;440;-1
433;441;1
433;442;1
433;444;1
433;445;2
433;446;1
433;447;2
433;449;1
433;450;-1
433;451;1
433;460;1
433;463;1
433;468;1
433;469;1
433;557;1
434;330;2
434;389;1
434;392;2
434;393;1
434;395;1
434;396;1
434;400;1
434;401;1
434;408;1
434;410;2
434;412;1
434;413;1
434;415;2
434;417;2
434;418;2
434;419;2
434;420;2
434;421;2
434;422;1
434;423;2
434;426;2
434;428;2
434;430;2
434;431;2
434;432;2
434;433;2
434;436;1
434;437;1
434;438;2
434;439;1
434;440;-1
434;441;2
434;442;2
434;443;1
434;444;1
434;445;1
434;446;1
434;447;1
434;448;1
434;449;2
434;450;2
434;465;2
434;532;2
434;555;2
434;561;1
434;592;1
434;597;1
435;346;1
435;407;1
435;429;1
435;469;2
435;472;1
435;474;2
435;481;1
435;485;1
435;492;2
435;493;2
435;499;2
435;502;2
436;353;1
436;364;2
436;383;-1
436;389;-1
436;401;1
436;412;2
436;414;1
436;415;1
436;416;1
436;417;2
436;420;2
436;435;1
436;440;-1
436;447;2
436;450;-2
436;452;-1
436;456;2
436;460;1
436;462;1
436;463;2
436;464;2
436;468;-1
436;469;2
436;472;2
436;495;2
436;496;1
436;497;1
436;501;2
436;502;-1
436;507;1
436;571;-1
436;578;-2
436;579;2
436;583;2
436;591;2
436;592;1
438;191;-1
438;192;-1
438;193;-1
438;194;-1
438;195;-1
438;196;-1
438;197;-1
438;198;-1
438;199;-1
438;200;-1
438;201;-1
438;202;-1
438;203;-1
438;204;-1
438;205;-1
438;206;-1
438;207;-1
438;208;-1
438;209;-1
438;210;-1
438;211;-1
438;212;-1
438;213;-1
438;214;-1
438;215;-1
438;216;-1
438;217;-1
438;218;-1
438;219;-1
438;220;-1
438;221;-1
438;222;-1
438;223;-1
438;224;-1
438;225;-1
438;226;-1
438;227;-1
438;228;-1
438;229;-1
438;230;-1
438;231;-1
438;232;-1
438;233;-1
438;234;-1
438;235;-1
438;236;-1
438;237;-1
438;238;-1
438;239;-1
438;240;-1
438;241;-1
438;242;-1
438;243;-1
438;244;-1
438;245;-1
438;246;-1
438;247;-1
438;248;-1
438;249;-1
438;250;-1
438;251;-1
438;252;-1
438;253;-1
438;254;-1
438;255;-1
438;256;-1
438;257;-1
438;258;-1
438;259;-1
438;260;-1
438;261;-1
438;262;-1
438;263;-1
438;264;-1
438;266;-1
438;267;-1
438;268;-1
438;269;-1
438;270;-1
438;271;-1
438;272;-1
438;273;-1
438;274;-1
438;275;-1
438;276;-1
438;277;-1
438;278;-1
438;279;-1
438;280;-1
438;281;-1
438;282;-1
438;283;-1
438;284;-1
438;285;-1
438;286;-1
438;287;-1
438;288;-1
438;289;-1
438;290;-1
438;291;-1
438;292;-1
438;293;-1
438;294;-1
438;295;-1
438;296;-1
438;297;-1
438;298;-1
438;299;-1
438;300;1
438;301;-1
438;302;-1
438;303;-1
438;304;-1
438;305;-1
438;306;-1
438;307;-1
438;308;-2
438;309;-1
438;310;-1
438;311;-1
438;312;-1
438;313;-1
438;314;-1
438;315;-1
438;316;-1
438;317;-1
438;318;-1
438;319;-1
438;320;-1
438;321;-1
438;322;-1
438;323;-1
438;324;-1
438;325;-1
438;326;-1
438;327;-1
438;328;-1
438;329;-1
438;330;-1
438;331;-1
438;332;-1
438;389;-1
438;391;1
438;392;-1
438;393;1
438;394;-1
438;395;-1
438;398;-1
438;401;-1
438;402;1
438;405;-1
438;406;1
438;407;1
438;408;1
438;409;-1
438;410;-1
438;411;-1
438;412;1
438;413;-2
438;414;-1
438;415;1
438;417;1
438;418;-1
438;419;-2
438;420;-2
438;421;-1
438;422;-1
438;425;-1
438;426;-1
438;429;1
438;430;-1
438;431;1
438;433;1
438;434;2
438;435;1
438;436;1
438;441;2
438;442;-1
438;444;-1
438;445;1
438;446;2
438;447;2
438;449;-1
438;450;-1
438;452;1
438;454;1
438;456;2
438;457;-2
438;458;1
438;462;-2
438;463;1
438;465;1
438;469;1
438;470;2
438;495;1
438;529;2
438;533;2
438;535;-2
438;536;-2
438;542;2
438;543;-1
438;546;1
438;547;-1
438;548;-1
438;550;-1
438;552;1
438;558;2
438;565;1
438;567;1
438;569;2
438;571;-2
438;573;1
438;576;-1
438;578;1
438;579;1
438;580;1
438;582;2
438;593;1
438;594;1
438;595;1
439;342;2
439;362;1
439;394;2
439;395;2
439;402;2
439;414;1
439;425;-1
439;429;1
439;432;-1
439;435;1
439;437;-2
439;440;1
439;441;2
439;442;1
439;443;-1
439;446;-1
439;448;-1
439;449;1
439;450;-2
439;451;2
439;453;1
439;456;-2
439;457;-1
439;461;1
439;462;1
439;463;-2
439;465;1
439;469;-1
439;478;-1
439;487;-1
439;493;1
439;498;-1
439;512;1
439;515;1
439;517;1
439;531;-1
439;532;1
439;536;1
439;543;1
439;547;2
439;551;1
439;557;1
439;564;1
439;575;-1
440;395;2
440;400;2
440;401;2
440;434;2
440;435;2
440;436;1
440;441;1
440;442;2
440;444;1
440;445;1
440;449;2
440;460;2
441;431;1
441;433;1
441;434;2
441;435;1
441;438;1
441;439;1
441;440;1
441;445;1
441;450;1
441;526;1
441;528;1
441;553;1
441;555;1
441;556;1
441;565;2
441;571;-2
441;584;1
441;585;1
441;597;1
441;598;1
442;239;1
442;270;1
442;323;1
442;330;1
442;352;1
442;354;2
442;364;2
442;365;2
442;395;2
442;400;2
442;401;2
442;410;1
442;421;1
442;430;1
442;434;1
442;435;1
442;440;2
442;441;1
442;449;2
442;460;2
443;335;1
443;336;1
443;348;2
443;349;1
443;350;2
443;359;2
443;360;1
443;362;1
443;366;2
443;422;1
443;435;-2
443;439;-1
443;450;2
443;457;1
444;352;1
444;364;1
444;392;1
444;393;1
444;395;1
444;398;-1
444;400;1
444;412;-1
444;419;-1
444;429;1
444;432;1
444;433;1
444;434;-1
444;436;2
444;437;1
444;438;1
444;440;2
444;442;2
444;445;1
444;447;1
444;449;1
444;450;-1
444;454;2
444;458;1
444;460;1
444;463;-1
444;470;1
445;364;1
445;390;1
445;393;1
445;395;1
445;397;1
445;398;1
445;400;1
445;401;1
445;403;1
445;419;1
445;429;1
445;431;1
445;432;1
445;433;2
445;434;1
445;435;1
445;436;2
445;437;2
445;438;2
445;440;1
445;441;1
445;442;1
445;443;1
445;444;2
445;446;1
445;447;1
445;449;1
445;450;1
445;454;1
445;458;1
445;460;1
445;463;1
445;466;1
445;467;1
445;468;1
446;197;-1
446;198;-1
446;200;-1
446;201;-1
446;205;-1
446;206;-1
446;277;1
446;294;1
446;365;-1
446;366;-1
446;368;-1
446;377;1
446;378;1
446;388;1
446;412;1
446;419;1
446;429;1
446;431;2
446;433;1
446;434;1
446;435;1
446;438;2
446;447;1
446;449;1
446;456;1
446;459;1
446;463;1
446;521;1
446;523;-1
446;524;-1
446;525;-1
446;537;1
446;552;1
446;558;2
446;567;1
446;569;2
446;577;1
446;578;1
446;590;1
446;592;1
447;237;-1
447;265;1
447;351;-1
447;356;-1
447;388;1
447;393;1
447;397;1
447;398;1
447;399;1
447;400;1
447;402;1
447;403;1
447;407;1
447;408;1
447;412;2
447;413;-1
447;417;1
447;429;2
447;431;1
447;433;2
447;435;1
447;436;1
447;438;2
447;441;1
447;442;1
447;444;1
447;446;1
447;449;1
447;456;2
447;460;1
447;462;2
447;463;1
447;464;1
447;469;2
447;470;2
447;485;1
447;495;2
447;498;2
447;533;1
447;539;1
447;540;1
447;542;2
447;546;1
447;556;1
447;558;2
447;567;1
447;573;1
447;574;1
447;575;1
447;576;1
447;578;2
447;579;2
447;580;2
447;583;1
447;591;2
447;593;2
447;595;2
447;599;1
448;334;2
448;341;1
448;344;2
448;347;2
448;418;2
448;422;2
448;425;1
448;426;1
448;468;2
449;239;1
449;323;2
449;330;2
449;392;2
449;393;2
449;395;2
449;398;2
449;400;2
449;401;2
449;410;1
449;417;2
449;422;1
449;429;2
449;433;1
449;434;2
449;435;1
449;436;2
449;439;2
449;440;2
449;441;2
449;442;2
449;444;2
449;445;1
449;447;2
449;456;1
449;459;-1
449;460;2
449;462;1
449;465;2
449;469;2
451;335;1
451;336;2
451;338;1
451;349;1
451;353;1
451;359;1
451;362;1
451;374;-1
451;387;2
451;394;1
451;395;2
451;402;1
451;431;1
451;433;1
451;435;2
451;437;-1
451;441;2
451;449;1
451;450;2
451;453;1
451;455;2
451;456;1
451;457;1
451;460;2
451;461;1
451;462;2
451;463;1
451;464;2
451;465;2
451;469;1
451;470;1
452;451;2
452;453;2
452;454;2
452;455;2
452;456;1
452;458;2
452;459;1
452;460;1
452;461;1
452;462;1
452;463;1
452;464;1
452;465;1
452;466;1
452;467;1
452;468;1
452;469;1
452;470;1
453;451;1
453;455;1
453;461;2
453;468;1
454;398;-1
454;436;2
454;444;2
454;445;1
454;452;2
454;458;2
454;459;2
454;460;-1
454;463;1
454;465;1
454;466;1
454;467;1
454;468;1
454;469;1
454;470;1
455;451;2
455;453;1
455;460;2
455;461;2
455;462;2
455;463;-2
455;464;1
455;465;2
456;372;2
456;407;2
456;412;2
456;429;2
456;431;1
456;436;1
456;438;1
456;446;1
456;447;2
456;451;1
456;452;1
456;455;2
456;460;2
456;462;2
456;463;2
456;464;2
456;465;1
456;466;2
456;467;2
456;469;2
456;470;2
456;495;1
456;567;2
456;573;2
456;576;2
456;579;1
456;595;1
456;597;1
457;335;1
457;336;2
457;338;2
457;348;1
457;349;1
457;350;2
457;359;1
457;360;1
457;362;1
457;363;1
457;366;2
457;387;1
457;422;2
457;443;1
457;450;2
458;390;2
458;393;2
458;397;1
458;400;1
458;403;1
458;436;1
458;440;-1
458;444;1
458;452;1
458;454;2
458;459;2
458;460;1
458;466;1
458;467;1
458;468;1
458;469;-2
458;470;1
459;339;1
459;373;1
459;392;2
459;394;1
459;398;1
459;403;2
459;404;2
459;416;2
459;431;2
459;437;2
459;454;2
459;456;1
459;458;2
459;463;1
459;466;2
459;467;2
459;470;1
459;567;1
459;573;2
459;576;1
462;265;1
462;281;1
462;353;1
462;387;1
462;398;1
462;420;2
462;427;2
462;558;1
462;559;1
462;573;1
462;574;1
462;575;1
462;576;1
462;597;1
463;333;1
463;337;2
463;352;1
463;355;1
463;356;1
463;360;1
463;362;-2
463;364;2
463;365;-1
463;369;1
463;372;2
463;374;-1
463;377;1
463;378;-1
463;384;2
463;385;2
463;387;1
463;388;2
463;390;1
463;393;1
463;395;1
463;397;1
463;398;1
463;400;1
463;403;1
463;408;1
463;412;2
463;419;-2
463;421;1
463;424;1
463;428;1
463;429;2
463;436;2
463;445;1
463;447;1
463;456;2
463;462;1
463;464;2
463;465;1
463;466;1
463;467;1
463;469;2
463;470;2
463;472;2
463;473;2
463;474;1
463;475;1
463;479;2
463;482;2
463;483;1
463;485;1
463;486;1
463;487;2
463;490;2
463;494;1
463;495;1
463;496;2
463;501;2
463;507;2
463;510;1
463;515;1
463;524;1
463;525;1
463;558;-1
463;578;-2
464;451;1
464;452;1
464;453;1
464;454;1
464;455;2
464;456;2
464;457;1
464;458;1
464;459;1
464;460;1
464;461;1
464;462;2
464;463;2
464;465;2
464;466;1
464;467;1
464;468;1
464;469;2
464;470;2
465;204;1
465;224;1
465;279;1
465;352;1
465;364;1
465;365;1
465;388;1
465;389;1
465;390;1
465;392;1
465;393;1
465;394;1
465;395;1
465;397;1
465;400;1
465;402;1
465;414;1
465;415;1
465;417;1
465;418;2
465;419;1
465;420;1
465;422;1
465;425;1
465;429;1
465;430;1
465;431;1
465;432;1
465;434;1
465;435;-1
465;436;1
465;437;1
465;438;1
465;439;1
465;440;1
465;441;-1
465;444;1
465;449;1
465;450;1
465;451;1
465;452;1
465;453;1
465;454;1
465;455;1
465;456;1
465;457;1
465;458;1
465;460;1
465;461;1
465;462;1
465;463;1
465;464;1
465;468;1
465;469;1
465;470;1
465;597;1
466;230;1
466;273;1
466;274;1
466;303;1
466;339;2
466;341;1
466;392;2
466;393;2
466;394;1
466;397;1
466;399;1
466;403;2
466;404;2
466;408;1
466;412;1
466;416;2
466;417;1
466;418;1
466;424;1
466;426;1
466;428;1
466;431;2
466;436;1
466;437;2
466;444;1
466;445;2
466;454;2
466;456;2
466;458;2
466;459;2
466;461;1
466;463;2
466;465;1
466;467;2
466;469;2
466;470;2
467;231;1
467;252;1
467;265;1
467;273;2
467;274;2
467;281;1
467;291;1
467;292;1
467;294;1
467;301;1
467;303;1
467;304;1
467;309;1
467;310;1
467;339;2
467;341;2
467;358;1
467;364;1
467;365;1
467;373;2
467;392;1
467;394;1
467;396;1
467;399;1
467;401;1
467;402;1
467;403;2
467;404;2
467;406;1
467;408;1
467;409;1
467;412;1
467;416;2
467;417;1
467;418;1
467;426;1
467;428;2
467;429;1
467;431;2
467;437;1
467;452;1
467;453;1
467;454;1
467;456;1
467;458;1
467;459;2
467;460;1
467;461;2
467;462;2
467;463;2
467;465;1
467;466;2
467;469;1
467;470;1
468;352;1
468;354;1
468;364;1
468;365;1
468;389;2
468;391;1
468;392;1
468;393;1
468;395;1
468;396;1
468;408;-1
468;410;-1
468;418;2
468;419;2
468;422;-1
468;423;1
468;426;1
468;429;-1
468;430;-1
468;432;2
468;433;1
468;436;1
468;437;1
468;438;-1
468;440;-2
468;442;1
468;453;1
468;456;1
468;458;1
468;459;1
468;461;1
468;463;1
468;465;1
468;466;1
468;467;1
468;469;1
469;235;1
469;237;2
469;300;2
469;346;1
469;351;1
469;356;1
469;357;1
469;388;1
469;393;1
469;405;1
469;407;2
469;408;1
469;409;1
469;411;2
469;412;2
469;420;1
469;428;1
469;429;2
469;435;2
469;436;1
469;446;1
469;447;2
469;449;1
469;452;1
469;454;1
469;455;1
469;456;2
469;460;1
469;461;1
469;462;2
469;463;2
469;464;2
469;465;1
469;466;2
469;467;2
469;470;2
469;474;2
469;495;2
469;501;2
469;502;-1
469;507;2
469;527;2
469;545;-1
469;559;2
469;572;1
469;590;1
469;591;2
469;592;2
469;595;1
470;390;1
470;393;2
470;395;1
470;397;1
470;398;2
470;400;1
470;403;1
470;412;1
470;413;-2
470;429;1
470;436;1
470;438;2
470;440;1
470;444;1
470;445;1
470;446;1
470;447;2
470;449;1
470;451;1
470;455;1
470;456;2
470;458;1
470;460;1
470;462;2
470;463;2
470;464;1
470;465;1
470;466;2
470;467;1
470;469;2
471;475;1
471;478;2
471;484;-2
471;488;1
471;503;2
471;520;1
471;558;-2
471;579;-1
471;580;-1
471;582;1
471;585;2
471;588;-2
471;591;-1
471;597;-1
472;463;2
472;473;1
472;474;1
472;475;1
472;476;2
472;477;1
472;479;1
472;480;2
472;481;2
472;485;2
472;490;1
473;463;2
473;474;2
473;475;2
473;482;2
473;483;2
473;484;-1
473;488;-1
473;490;1
473;495;2
473;496;1
473;501;1
473;502;2
473;507;1
473;515;1
473;516;1
474;340;1
474;388;1
474;404;1
474;405;1
474;407;1
474;411;1
474;412;1
474;429;1
474;435;2
474;471;1
474;472;1
474;473;1
474;475;1
474;476;1
474;477;2
474;478;1
474;479;1
474;480;1
474;481;1
474;482;1
474;483;1
474;485;1
474;486;1
474;487;1
474;490;1
474;492;2
474;493;1
474;494;1
474;495;1
474;496;1
474;498;1
474;499;1
474;501;2
474;502;2
474;504;1
474;505;1
474;506;1
474;507;1
474;510;1
474;511;1
474;515;1
474;516;1
474;519;1
474;520;1
474;521;1
474;522;1
474;523;1
474;524;1
474;533;1
474;536;1
474;543;1
474;545;1
474;571;1
474;590;1
474;592;1
474;594;1
474;595;1
475;471;1
475;472;-1
475;473;2
475;474;1
475;476;1
475;477;1
475;478;2
475;479;1
475;480;1
475;481;1
475;482;2
475;483;2
475;484;2
475;485;1
475;487;2
475;490;2
475;492;-1
475;495;1
475;496;1
475;497;1
475;498;2
475;501;1
475;503;1
475;505;2
475;506;2
475;508;2
475;512;-2
475;516;2
475;520;1
475;522;1
475;523;1
475;525;2
476;478;1
476;482;1
476;483;1
476;494;1
476;496;2
476;497;1
476;503;2
476;504;1
476;510;2
476;511;2
476;512;1
476;515;1
476;516;1
476;517;1
476;519;1
476;523;2
476;587;1
477;405;1
477;407;1
477;409;1
477;411;1
477;471;1
477;472;1
477;473;1
477;474;1
477;475;1
477;476;1
477;478;1
477;479;1
477;480;1
477;481;1
477;482;1
477;483;1
477;486;1
477;487;1
477;492;2
477;495;1
477;496;1
477;499;2
477;500;1
477;506;1
477;519;1
477;545;1
477;546;1
478;385;2
478;471;2
478;475;1
478;476;1
478;479;1
478;482;1
478;483;1
478;484;1
478;488;2
478;512;2
478;522;1
478;582;2
478;585;2
479;463;1
479;472;1
479;474;1
479;475;2
479;476;1
479;477;2
479;480;2
479;485;-1
479;510;-1
479;511;-1
480;471;1
480;472;2
480;473;1
480;474;1
480;475;1
480;476;1
480;477;1
480;478;1
480;479;1
480;481;2
480;482;1
480;483;1
480;485;1
480;486;1
480;487;1
480;488;1
480;490;1
480;492;1
480;493;1
480;494;1
480;495;1
480;496;1
480;497;1
480;501;1
480;502;1
480;505;1
480;506;1
480;507;1
480;516;1
481;472;2
481;476;1
481;480;2
481;482;1
481;483;2
481;485;2
481;486;-1
481;487;-1
481;492;-2
481;493;-2
482;483;2
482;487;2
482;490;2
482;510;2
482;512;-2
482;513;-1
483;473;2
483;474;1
483;475;2
483;476;1
483;477;1
483;478;1
483;479;1
483;480;1
483;481;1
483;482;2
483;485;1
483;486;1
483;487;2
483;490;2
483;493;1
483;494;2
483;495;1
483;496;1
483;500;1
483;501;1
483;507;1
483;510;2
483;511;2
483;512;-2
483;513;-2
483;515;2
483;516;1
483;519;1
483;523;2
483;524;1
483;579;1
483;595;1
484;475;2
484;488;2
484;489;-1
484;490;1
484;493;1
484;494;1
484;496;1
484;497;2
484;503;1
484;525;1
485;346;1
485;357;1
485;377;2
485;472;1
485;474;1
485;480;1
485;481;1
485;482;1
485;483;1
485;484;-1
485;487;1
485;488;-2
485;489;1
485;490;2
485;492;2
485;493;1
485;494;2
485;495;2
485;496;2
485;499;1
485;510;1
485;511;1
485;527;1
485;556;1
486;463;1
486;473;1
486;482;1
486;483;1
486;485;1
486;487;2
486;490;1
486;493;1
486;494;2
486;495;1
486;496;1
486;497;2
486;515;2
486;524;1
486;596;2
487;473;1
487;475;2
487;482;2
487;483;2
487;485;1
487;488;-1
487;489;-1
487;490;2
487;492;-1
487;494;2
487;495;1
487;506;1
487;510;1
487;516;2
487;522;1
487;525;1
488;471;2
488;478;2
488;484;2
488;497;1
488;520;1
488;585;2
489;471;1
489;475;2
489;476;1
489;478;1
489;482;1
489;484;-2
489;485;2
489;486;1
489;487;1
489;490;2
489;491;2
489;492;1
489;493;1
489;494;1
489;495;1
489;496;2
489;497;1
489;509;2
489;520;1
489;576;1
489;577;2
489;578;2
489;583;2
489;588;2
489;598;2
489;599;1
490;463;1
490;473;1
490;474;1
490;482;2
490;483;1
490;485;2
490;487;1
490;489;1
490;492;1
490;493;1
490;495;1
490;496;1
490;501;2
490;510;1
490;512;-2
490;516;1
490;579;1
490;591;1
491;400;1
491;484;-1
491;488;-2
491;489;1
491;492;-1
491;495;1
491;509;1
491;515;-1
491;536;-1
491;554;1
491;556;1
491;557;1
491;571;-1
491;572;-1
491;577;2
491;578;1
491;579;2
491;580;1
491;583;2
491;588;1
491;591;2
491;593;2
491;595;1
491;598;1
491;599;2
492;474;2
492;477;2
492;485;1
492;490;1
492;493;2
492;499;1
492;501;1
492;502;1
492;595;-2
493;351;1
493;358;1
493;435;2
493;469;1
493;474;2
493;475;1
493;476;1
493;477;2
493;479;1
493;481;1
493;482;1
493;483;1
493;484;1
493;485;1
493;486;1
493;487;1
493;488;1
493;489;1
493;490;1
493;491;1
493;492;2
493;494;1
493;495;1
493;496;1
493;497;1
493;498;1
493;499;1
493;507;1
493;522;1
493;523;1
494;472;1
494;473;1
494;474;1
494;475;1
494;476;2
494;480;2
494;481;1
494;482;2
494;483;2
494;485;2
494;487;1
494;489;1
494;490;1
494;491;1
494;492;1
494;493;1
494;495;1
494;496;2
494;497;1
494;510;2
494;511;2
494;514;2
494;515;2
495;245;1
495;407;1
495;412;1
495;429;2
495;463;2
495;469;1
495;473;2
495;474;1
495;485;2
495;488;-2
495;490;2
495;491;1
495;492;-1
495;496;2
495;501;1
495;502;-1
495;507;2
495;524;1
495;542;1
495;545;1
495;556;-1
495;577;1
495;578;-2
495;579;2
495;580;2
495;583;2
495;591;2
495;593;2
495;595;2
495;599;1
496;472;1
496;473;2
496;474;1
496;475;1
496;476;1
496;477;1
496;482;1
496;483;1
496;485;2
496;486;1
496;489;1
496;490;2
496;492;1
496;493;1
496;494;2
496;495;2
496;497;1
496;499;1
496;501;2
496;502;2
496;503;1
496;505;1
496;507;1
496;508;1
496;514;1
496;515;1
496;523;1
496;524;1
496;525;1
497;271;1
497;429;1
497;471;-2
497;473;1
497;475;1
497;476;1
497;478;-1
497;481;-1
497;484;1
497;485;1
497;486;1
497;487;1
497;488;1
497;489;1
497;490;1
497;491;1
497;492;1
497;493;2
497;494;1
497;495;1
497;496;2
497;504;-1
497;505;1
497;506;1
497;507;1
497;508;1
497;513;-1
497;515;1
497;516;1
497;519;-1
497;521;-1
497;522;1
497;523;1
497;524;2
497;525;1
498;447;2
498;505;2
498;506;2
498;578;2
499;472;1
499;474;1
499;477;1
499;481;1
499;501;1
499;502;2
499;510;1
500;371;2
500;388;2
500;477;1
500;479;1
500;499;1
500;503;1
500;504;1
500;512;1
500;514;1
500;519;2
500;521;2
500;524;1
501;463;-2
501;507;2
503;471;1
503;475;1
503;476;2
503;479;1
503;482;1
503;484;1
503;487;1
503;488;-1
503;490;1
503;495;1
503;497;1
503;500;2
503;501;-1
503;504;2
503;506;1
503;508;1
503;516;2
503;522;2
503;523;2
503;525;2
503;529;1
505;408;1
505;409;1
505;411;2
505;447;2
505;479;1
505;485;2
505;490;2
505;495;1
505;496;1
505;498;2
505;501;1
505;502;2
505;503;1
505;504;1
505;506;2
505;507;1
505;516;1
505;545;2
505;578;2
505;592;2
505;595;1
506;475;1
506;479;1
506;480;2
506;498;1
506;503;1
506;504;1
506;505;1
506;508;1
507;405;1
507;412;1
507;429;1
507;463;-2
507;469;1
507;473;1
507;474;1
507;475;1
507;480;1
507;482;1
507;483;1
507;485;1
507;490;1
507;495;-1
507;496;1
507;501;2
507;502;1
507;508;1
507;515;1
507;516;1
507;524;1
507;545;1
507;578;-1
507;579;-1
507;580;1
507;591;-1
507;595;1
508;471;-1
508;475;2
508;478;-1
508;484;2
508;488;-1
508;497;1
508;498;2
508;503;2
508;506;2
508;507;1
508;516;1
508;524;1
508;525;2
509;337;1
509;421;2
509;471;1
509;482;-1
509;489;1
509;491;2
509;506;1
509;508;1
509;510;1
509;511;1
509;517;1
509;554;1
509;556;2
509;557;1
509;577;1
509;579;-1
509;580;2
509;583;-1
509;588;2
509;591;1
509;593;-2
509;598;2
509;599;1
510;476;1
510;482;1
510;483;1
510;488;-2
510;490;1
510;494;2
510;511;2
510;515;2
511;476;2
511;481;2
511;482;1
511;483;1
511;485;1
511;494;1
511;509;1
511;510;2
511;515;1
511;517;1
513;342;2
513;482;-1
513;485;-1
513;512;2
513;514;1
513;515;1
513;517;1
513;519;1
513;547;2
514;480;1
514;485;1
514;494;2
514;500;1
514;510;1
514;511;1
514;512;1
514;513;2
514;515;1
514;517;2
514;519;1
515;473;2
515;474;1
515;482;1
515;483;1
515;486;1
515;487;1
515;490;1
515;494;2
515;495;2
515;496;1
515;497;1
515;501;1
515;502;2
515;506;1
515;507;1
515;510;2
515;511;1
515;512;1
515;513;1
515;514;1
515;516;1
515;519;1
515;521;1
515;522;1
515;523;1
515;524;1
515;525;-1
516;471;1
516;473;1
516;474;1
516;475;2
516;476;1
516;478;1
516;479;2
516;482;1
516;483;1
516;484;1
516;485;1
516;486;1
516;487;2
516;490;1
516;493;1
516;497;1
516;498;1
516;502;1
516;503;2
516;504;1
516;505;1
516;506;1
516;507;1
516;508;1
516;511;1
516;515;1
516;518;1
516;520;1
516;522;2
516;523;1
516;524;1
516;525;2
516;571;1
516;595;1
519;371;1
519;388;2
519;481;-1
519;496;-1
519;500;2
519;504;2
519;511;1
519;513;1
519;514;1
519;515;1
519;517;1
519;521;1
519;522;1
519;523;1
519;525;-1
519;536;-2
519;547;2
519;568;-2
519;592;-2
519;594;-1
520;438;1
520;471;2
520;478;2
520;482;-1
520;483;-1
520;484;1
520;488;2
520;489;-1
520;490;-1
520;491;-1
520;492;-1
520;497;-1
520;498;-1
520;503;-1
520;504;-1
520;505;-1
520;506;-1
520;507;-1
520;508;-1
520;509;-1
520;512;-1
520;513;-1
520;518;1
520;519;-1
520;521;-1
520;522;1
520;535;2
520;558;1
520;565;-1
520;567;1
520;569;-1
520;573;1
520;576;1
520;577;-1
520;578;-1
520;579;-1
520;582;-1
520;584;-1
520;585;1
520;588;-1
520;591;-1
520;592;-1
520;593;-1
520;594;-1
520;597;1
520;598;-1
522;476;1
522;479;1
522;482;1
522;484;1
522;487;1
522;493;1
522;503;1
522;504;2
522;516;2
522;518;1
522;519;1
522;520;1
522;523;2
522;524;1
522;525;1
523;476;2
523;482;1
523;483;2
523;496;1
523;497;1
523;503;1
523;515;1
523;516;1
523;519;1
523;521;1
523;522;2
523;524;1
523;525;1
523;536;-1
524;217;2
524;231;1
524;253;1
524;340;-1
524;351;1
524;353;-1
524;356;1
524;358;2
524;371;1
524;380;1
524;388;2
524;406;1
524;407;1
524;463;1
524;472;1
524;473;1
524;474;1
524;475;1
524;477;1
524;479;2
524;480;1
524;482;1
524;483;1
524;484;1
524;485;1
524;486;1
524;487;1
524;488;1
524;490;1
524;492;-2
524;494;1
524;495;2
524;496;1
524;497;2
524;498;1
524;500;2
524;501;1
524;502;1
524;503;1
524;505;1
524;506;1
524;507;1
524;508;2
524;512;1
524;513;1
524;515;1
524;516;1
524;517;-1
524;518;1
524;519;1
524;520;1
524;521;2
524;522;1
524;523;1
524;525;2
524;533;1
524;565;1
524;567;1
524;573;1
524;575;1
524;576;1
524;577;1
524;579;1
524;580;1
524;594;1
524;595;1
525;350;1
525;471;1
525;472;1
525;473;1
525;474;1
525;475;2
525;476;2
525;477;1
525;479;1
525;482;1
525;483;1
525;484;1
525;485;1
525;486;1
525;487;2
525;490;1
525;492;1
525;493;1
525;495;1
525;496;2
525;497;2
525;498;1
525;501;1
525;503;2
525;505;1
525;506;1
525;508;2
525;510;1
525;512;1
525;513;1
525;515;1
525;516;2
525;517;1
525;518;1
525;519;1
525;520;1
525;521;2
525;522;2
525;523;2
525;524;2
525;533;1
525;565;1
525;595;1
526;267;1
526;290;1
526;415;1
526;441;2
526;531;1
526;532;1
526;536;2
526;539;2
526;540;2
526;553;2
526;561;1
526;571;2
526;581;2
526;582;1
526;584;1
527;210;2
527;407;2
527;435;2
527;469;2
527;526;1
527;528;1
527;529;2
527;530;2
527;531;1
527;532;2
527;533;1
527;537;2
527;543;2
527;545;2
527;559;1
527;590;2
527;592;2
528;256;1
528;257;2
528;420;-1
528;462;-2
528;509;1
528;527;1
528;529;1
528;530;1
528;532;1
528;536;2
528;542;1
528;543;1
528;545;1
528;548;2
528;550;1
528;551;1
528;554;1
528;555;1
528;556;1
528;557;1
528;565;1
528;583;1
528;584;1
528;587;1
528;592;1
528;594;1
529;434;1
529;438;2
529;446;1
529;447;2
529;527;1
529;528;1
529;530;2
529;532;1
529;533;2
529;542;2
529;545;1
529;546;1
529;552;1
529;555;1
529;556;1
529;558;2
529;565;1
529;569;2
529;571;1
529;573;1
529;576;1
529;578;1
529;579;1
529;580;2
529;582;2
529;585;1
530;527;2
530;529;2
530;531;1
530;532;2
530;536;1
530;541;-1
530;544;-2
530;546;-2
532;527;1
532;528;1
532;529;1
532;533;1
532;543;2
532;545;1
532;553;2
532;555;2
532;558;1
532;561;2
532;574;1
533;521;-1
533;529;1
533;537;1
533;542;1
533;558;1
533;569;1
536;438;-2
536;526;2
536;530;-1
536;532;-1
536;533;1
536;537;1
536;538;1
536;539;1
536;540;1
537;346;-2
537;351;-2
537;412;1
537;446;-2
537;507;-1
537;521;-1
537;527;2
537;533;2
537;536;1
537;590;2
537;595;1
538;531;1
538;533;1
538;534;2
538;535;1
538;536;2
538;537;1
538;539;2
538;540;1
538;546;1
538;571;2
538;589;-1
539;526;1
539;533;1
539;534;1
539;535;1
539;536;2
539;537;1
539;538;2
539;540;2
539;564;2
539;569;1
539;571;2
540;526;1
540;536;1
540;539;1
540;547;1
540;550;1
540;551;2
540;553;1
540;554;1
540;557;1
540;561;1
540;563;2
540;564;2
540;571;1
540;574;1
540;575;1
540;594;1
541;542;1
541;543;1
541;544;2
541;545;1
541;546;2
542;333;1
542;529;1
542;533;1
542;541;1
542;543;1
542;544;1
542;545;1
542;552;1
542;558;2
542;559;1
542;579;1
542;595;1
543;405;1
543;409;1
543;411;1
543;414;2
543;527;2
543;532;2
543;545;1
543;590;2
543;591;1
543;599;1
544;541;2
544;546;2
545;217;2
545;237;1
545;405;1
545;407;2
545;409;1
545;411;2
545;412;2
545;469;2
545;477;1
545;499;1
545;505;1
545;507;1
545;527;2
545;529;1
545;530;1
545;532;1
545;541;1
545;542;1
545;543;1
545;544;1
545;558;1
545;559;2
545;592;2
545;593;1
547;342;2
547;485;-1
547;494;1
547;499;1
547;500;1
547;508;1
547;510;1
547;512;2
547;513;2
547;514;1
547;517;1
547;519;2
547;526;1
547;527;1
547;533;1
547;536;1
547;539;1
547;540;1
547;543;1
547;545;1
547;546;1
547;548;1
547;549;1
547;550;1
547;553;1
547;554;1
547;557;1
547;561;1
547;567;2
547;570;1
547;573;1
547;577;1
547;578;2
547;582;1
547;583;1
547;599;1
548;536;2
548;547;1
548;550;2
548;564;1
548;572;-2
549;546;2
550;545;-2
550;548;2
551;528;-1
551;540;2
551;553;1
551;563;2
551;564;2
551;575;2
551;594;2
552;556;1
552;558;2
552;559;2
552;562;1
553;415;2
553;420;1
553;526;2
553;528;1
553;532;1
553;536;1
553;540;1
553;551;1
553;555;1
553;561;2
553;563;1
553;574;2
554;528;1
554;536;1
554;539;1
554;540;1
554;551;1
554;553;1
554;555;1
554;556;2
554;557;2
554;561;1
554;574;1
554;577;2
554;578;2
554;579;2
554;580;2
554;583;2
554;588;2
554;591;2
554;593;2
554;595;1
554;598;1
554;599;2
555;434;1
555;441;1
555;528;1
555;532;2
555;536;1
555;551;1
555;552;1
555;553;2
555;554;1
555;556;1
555;557;1
555;558;1
555;559;1
555;560;1
555;561;2
555;562;1
555;563;1
555;565;1
555;567;1
555;569;1
555;571;1
555;573;1
555;574;2
555;575;2
555;576;2
555;584;2
555;594;2
556;337;2
556;360;2
556;415;1
556;437;1
556;441;1
556;463;1
556;471;1
556;472;1
556;480;1
556;481;1
556;483;1
556;484;1
556;485;1
556;489;1
556;490;1
556;491;2
556;495;1
556;496;1
556;499;1
556;507;1
556;509;2
556;513;1
556;520;1
556;524;1
556;529;1
556;532;1
556;542;1
556;551;1
556;552;1
556;553;1
556;554;2
556;555;1
556;557;1
556;558;1
556;563;1
556;565;1
556;573;1
556;576;1
556;577;2
556;578;1
556;579;2
556;580;2
556;583;2
556;584;1
556;588;2
556;591;2
556;593;2
556;594;1
556;595;1
556;598;1
556;599;2
557;491;2
557;492;1
557;509;2
557;526;1
557;528;1
557;532;1
557;533;1
557;538;1
557;539;1
557;540;1
557;543;1
557;550;1
557;551;1
557;552;1
557;553;1
557;554;2
557;555;1
557;556;2
557;558;1
557;559;1
557;560;1
557;561;1
557;562;1
557;563;1
557;564;1
557;565;1
557;566;1
557;567;1
557;569;1
557;571;1
557;572;1
557;573;1
557;574;1
557;575;1
557;576;1
557;577;2
557;578;1
557;579;2
557;580;1
557;583;2
557;584;1
557;587;1
557;588;2
557;594;1
557;598;1
557;599;1
558;222;1
558;231;1
558;237;1
558;242;-1
558;245;-2
558;255;1
558;333;1
558;340;1
558;351;-2
558;357;1
558;380;1
558;384;1
558;388;1
558;405;2
558;406;-2
558;407;1
558;409;1
558;412;1
558;414;2
558;415;1
558;434;1
558;436;1
558;437;1
558;438;2
558;446;2
558;447;2
558;462;1
558;469;1
558;470;1
558;477;1
558;498;1
558;502;1
558;505;-2
558;527;1
558;529;2
558;532;1
558;533;2
558;535;-1
558;536;-1
558;537;1
558;539;1
558;541;1
558;542;2
558;543;1
558;544;1
558;545;2
558;546;-1
558;548;-1
558;551;1
558;552;2
558;556;1
558;557;1
558;559;2
558;561;1
558;562;-1
558;564;1
558;565;1
558;567;1
558;569;2
558;573;1
558;574;1
558;576;1
558;577;1
558;578;-2
558;579;1
558;580;1
558;582;2
558;583;1
558;585;1
558;587;1
558;589;-1
558;590;1
558;591;1
558;592;1
558;593;1
558;595;1
558;597;1
558;599;1
559;217;2
559;405;1
559;407;1
559;411;1
559;527;1
559;545;2
559;552;1
559;558;1
560;551;2
560;553;1
560;554;1
560;555;1
560;556;1
560;557;1
560;563;2
560;575;1
561;414;2
561;415;2
561;526;1
561;529;1
561;532;2
561;536;1
561;539;1
561;551;1
561;553;2
561;554;1
561;555;2
561;556;1
561;557;1
561;558;1
561;560;1
561;563;1
561;568;1
561;571;1
561;574;2
561;577;1
561;582;1
561;584;2
561;599;1
562;552;1
562;553;-1
562;555;1
562;559;1
562;563;-1
563;528;-2
563;540;1
563;551;2
563;560;1
563;564;2
563;575;1
563;594;1
564;539;2
564;540;2
564;551;2
564;563;2
565;441;2
565;495;1
565;509;1
565;512;1
565;525;1
565;555;1
565;556;1
565;557;1
565;564;1
565;566;2
565;567;1
565;568;1
565;570;1
565;571;-1
565;572;2
565;573;2
565;576;2
565;577;1
565;595;1
565;597;1
565;598;1
566;225;-1
566;254;2
566;341;1
566;413;-1
566;421;-2
566;441;1
566;564;1
566;565;2
566;567;1
566;570;-2
566;572;2
566;573;1
566;574;-1
566;576;1
567;238;1
567;413;-1
567;456;2
567;465;1
567;471;-1
567;524;1
567;547;2
567;550;-1
567;555;1
567;556;1
567;564;1
567;565;1
567;566;1
567;572;1
567;573;2
567;576;2
567;588;-1
567;591;-1
567;595;-1
567;597;1
567;598;1
568;536;2
568;548;2
568;550;2
568;564;1
568;572;1
569;438;2
569;529;2
569;582;2
570;414;1
570;433;-1
570;469;-1
570;472;1
570;474;1
570;495;-1
570;498;-1
570;526;-1
570;527;-1
570;528;-1
570;529;-1
570;531;-1
570;532;-1
570;535;-1
570;536;-1
570;538;-1
570;539;-1
570;540;-1
570;565;1
570;566;1
570;568;1
570;572;1
570;574;1
570;579;1
570;590;1
570;591;1
570;595;1
571;419;1
571;471;1
571;484;1
571;488;1
571;489;-2
571;491;-1
571;512;1
571;516;1
571;526;1
571;534;2
571;536;1
571;538;2
571;539;2
571;559;-1
571;565;-2
571;568;1
571;570;-1
571;578;-2
571;579;-1
571;580;-1
571;582;2
571;585;1
571;590;-1
571;591;-1
571;592;-1
571;593;-1
571;595;-1
571;596;-1
571;598;2
572;548;-2
572;565;1
572;566;1
572;568;1
573;456;2
573;459;1
573;462;1
573;539;1
573;564;1
573;565;1
573;566;1
573;567;2
573;568;1
573;569;1
573;570;1
573;571;1
573;572;1
573;576;2
573;578;1
573;579;1
573;591;1
573;593;1
573;597;1
573;598;2
574;415;2
574;526;2
574;532;2
574;540;2
574;553;2
574;555;2
574;561;2
574;584;2
575;551;2
575;554;1
575;555;2
575;556;1
575;557;1
575;560;2
575;563;2
575;564;1
575;565;1
575;566;1
575;567;1
575;568;1
575;569;1
575;570;1
575;571;1
575;572;1
575;573;1
575;574;1
575;576;1
575;578;1
575;582;2
575;585;2
575;594;2
576;238;2
576;439;-2
576;456;2
576;462;1
576;465;1
576;535;1
576;555;1
576;565;1
576;566;1
576;567;2
576;571;1
576;572;1
576;573;2
576;575;1
576;578;2
576;582;1
576;593;1
576;594;1
576;597;2
576;598;1
577;491;2
577;495;1
577;509;2
577;554;2
577;556;2
577;557;1
577;578;1
577;579;2
577;580;2
577;583;2
577;588;2
577;591;2
577;593;2
577;598;1
577;599;2
578;242;1
578;245;1
578;316;1
578;400;-1
578;433;-1
578;436;-1
578;439;-1
578;441;-1
578;444;-1
578;446;-1
578;457;-1
578;464;-1
578;466;-1
578;468;-1
578;470;-1
578;472;2
578;475;1
578;477;-1
578;479;1
578;481;-1
578;485;1
578;486;1
578;489;2
578;491;1
578;495;-1
578;501;-1
578;504;-1
578;506;-1
578;509;1
578;511;-1
578;514;-1
578;515;-1
578;517;-1
578;528;-2
578;535;-1
578;536;-1
578;537;2
578;539;-1
578;543;-1
578;545;-1
578;546;2
578;547;1
578;548;-2
578;556;1
578;558;-1
578;565;2
578;567;1
578;568;-1
578;570;-2
578;575;1
578;576;2
578;577;2
578;579;2
578;580;1
578;583;2
578;584;1
578;585;1
578;587;1
578;593;1
578;595;1
578;598;1
578;599;1
579;269;2
579;388;1
579;412;1
579;429;1
579;436;1
579;463;-1
579;464;1
579;469;1
579;472;1
579;473;1
579;474;1
579;475;1
579;482;1
579;483;1
579;484;1
579;485;2
579;486;1
579;487;1
579;489;1
579;490;1
579;491;2
579;495;2
579;496;1
579;498;1
579;501;2
579;502;1
579;505;1
579;506;1
579;507;1
579;509;1
579;512;1
579;515;1
579;516;1
579;517;1
579;524;1
579;529;1
579;533;1
579;542;1
579;545;1
579;556;1
579;557;1
579;558;1
579;565;1
579;567;1
579;570;1
579;572;1
579;573;1
579;576;1
579;577;1
579;578;2
579;580;2
579;582;1
579;583;2
579;585;1
579;587;1
579;588;1
579;591;2
579;593;2
579;594;1
579;595;2
579;598;1
579;599;2
580;360;2
580;474;1
580;485;1
580;490;1
580;491;1
580;495;1
580;496;1
580;502;1
580;507;1
580;509;2
580;554;1
580;556;1
580;558;1
580;577;1
580;578;1
580;579;2
580;582;1
580;583;2
580;587;1
580;588;1
580;591;2
580;593;2
580;595;2
580;599;1
581;582;2
581;583;1
581;585;1
581;587;2
583;489;1
583;491;2
583;532;1
583;539;1
583;554;2
583;556;2
583;557;1
583;577;2
583;578;1
583;579;2
583;580;2
583;588;2
583;591;2
583;593;2
583;595;1
583;598;1
583;599;2
584;532;2
584;553;1
584;555;2
584;561;1
585;471;2
585;478;1
585;488;-1
585;582;2
588;348;1
588;400;1
588;491;2
588;509;2
588;554;2
588;556;2
588;557;1
588;577;2
588;578;1
588;579;1
588;580;1
588;583;2
588;591;1
588;593;1
588;598;1
588;599;1
589;581;1
589;590;-1
589;594;1
589;596;1
589;598;1
589;599;-1
590;407;1
590;409;1
590;411;1
590;527;2
590;528;-1
590;536;-1
590;537;2
590;538;-1
590;540;-1
590;564;-1
590;572;-1
590;589;-1
590;591;1
590;592;1
590;599;1
591;360;1
591;469;1
591;472;1
591;485;1
591;490;2
591;491;2
591;495;2
591;496;2
591;501;2
591;502;1
591;509;1
591;537;1
591;542;1
591;543;1
591;556;1
591;558;-1
591;570;1
591;573;1
591;577;2
591;578;-1
591;579;2
591;580;2
591;583;2
591;587;1
591;588;1
591;590;1
591;593;2
591;595;2
591;596;1
591;599;1
592;237;2
592;409;2
592;411;2
592;505;1
592;528;1
592;578;-1
592;579;1
592;581;-1
592;588;-1
592;589;-1
592;590;2
592;591;1
592;593;1
592;595;1
592;596;1
592;597;1
592;598;1
592;599;1
593;447;1
593;485;1
593;490;1
593;491;2
593;495;1
593;496;1
593;533;1
593;545;1
593;556;1
593;565;1
593;567;1
593;573;1
593;576;1
593;577;1
593;578;1
593;579;2
593;580;2
593;583;2
593;588;1
593;590;1
593;591;2
593;592;1
593;594;1
593;595;2
593;596;1
593;597;1
593;598;1
593;599;1
594;528;1
594;531;1
594;540;2
594;546;1
594;551;2
594;555;2
594;563;2
594;564;2
594;575;2
594;576;1
594;582;1
594;585;1
594;597;1
595;456;1
595;469;1
595;470;1
595;472;1
595;473;1
595;475;1
595;483;1
595;485;1
595;490;1
595;491;1
595;492;-2
595;493;-2
595;495;2
595;496;1
595;498;1
595;501;1
595;507;1
595;516;1
595;522;1
595;523;1
595;525;1
595;529;1
595;533;1
595;558;1
595;565;1
595;570;1
595;578;1
595;579;2
595;580;2
595;582;1
595;583;1
595;591;2
595;593;2
595;599;1
596;591;2
596;599;1
597;567;1
597;573;1
597;576;1
597;589;1
597;590;1
597;591;1
597;592;1
597;593;1
597;594;1
597;595;1
597;596;1
597;598;1
597;599;1
598;489;2
598;491;2
598;539;1
598;554;1
598;556;1
598;557;1
598;564;1
598;565;1
598;567;1
598;571;1
598;573;2
598;577;1
598;583;2
598;588;1
598;592;1
598;599;2
599;485;2
599;489;2
599;491;2
599;495;2
599;526;1
599;539;1
599;540;1
599;542;1
599;545;1
599;550;1
599;553;1
599;554;1
599;556;1
599;557;1
599;558;1
599;571;1
599;576;1
599;577;2
599;578;2
599;579;2
599;580;2
599;582;2
599;583;2
599;584;1
599;585;1
599;586;1
599;587;1
599;588;2
599;589;-1
599;590;2
599;591;2
599;592;2
599;593;2
599;594;1
599;595;2
599;596;1
599;597;1
599;598;1
